Air temperature [K],Process temperature [K],Rotational speed [rpm],Torque [Nm],Tool wear [min],Machine failure
304.9671415301123,316.99677718293003,1432.4821725025618,20.92192442122609,121.25449688101031,0
298.6173569882882,314.62316841456385,1485.5481329284482,31.39614989220498,21.350757540680416,0
306.4768853810069,310.29815184960086,1420.7580079000038,35.863944665783556,243.11534750697555,0
315.2302985640803,306.76531611147215,1469.203847036096,58.8768765734019,129.50260784402448,1
297.65846625276663,313.4911165680679,1310.6385333046214,45.56553124533758,153.54656107975285,0
297.6586304305082,311.96742692710876,1521.3293707372939,26.64518430900109,59.15244567687683,0
315.7921281550739,314.47596610013863,1500.1205475362224,44.86036289417637,120.87452127670095,0
307.6743472915291,313.1758590084099,1418.291136893181,24.526960110616344,107.28737298958046,0
295.3052561406505,315.2477635765967,1565.9245668432404,50.826910538870735,18.723960500495934,0
305.4256004358596,307.3238239421972,1593.7570137626558,35.28875348182122,26.540088386866806,1
295.36582307187535,316.5869703281716,1339.2440135631025,39.06363811260829,209.36812990469363,0
295.3427024642974,310.987998023462,1423.7275221433786,53.2579664754219,59.95498805164756,0
302.41962271566035,320.37630436312634,1423.0857650212702,27.1283643141575,48.73956787465764,0
280.86719755342205,306.55406090955216,1406.0096898891136,26.028818148870087,126.22786281253481,0
282.75082167486966,318.67981901582624,1582.947484193175,34.16400673653995,192.18678284062824,0
294.37712470759027,310.98955391731323,1480.6173861227196,50.38378851019317,15.48662964474698,0
289.87168879665575,306.74290998192777,1473.548515868939,24.806539245231576,144.20197990956396,0
303.1424733259527,307.5805708297284,1299.6137635593245,11.67844401889431,29.80261071014334,0
290.9197592447879,308.3982634590284,1563.5418030209225,35.488411415910015,9.115262706404614,0
285.8769629866471,312.12082973200955,1376.0741605146527,45.5174079991092,13.185988040554347,0
314.65648768921557,312.6141774401775,1505.9932630266328,52.00261749738829,208.54102705211034,1
297.74223699513465,307.1314999803071,1527.7376937958193,35.36838637914601,29.493120907015392,0
300.67528204687926,309.87822703869506,1636.0658595838652,35.885733928839976,11.287841103072987,0
285.7525181378654,320.7113517930593,1369.1179600880887,51.53900734255747,109.47497178572807,1
294.55617275474816,318.6377158505036,1198.0487844179174,21.302583003045793,210.9983679855062,0
301.10922589709867,312.18161834837014,1518.3849544753696,36.114792248169906,65.60209412232548,0
288.49006422577696,310.190017390841,1680.0511181510853,41.90423889925058,105.42815438147909,0
303.75698018345673,310.6001566335913,1623.8946352939438,44.49218721285034,9.980633140937806,1
293.99361310081196,313.0675898636521,1520.9659415274625,34.901933068091175,112.26962853371897,0
297.0830625020672,304.886037174008,1450.8363814367954,40.344410117058416,144.4032701592834,0
293.98293387770605,308.7131173128833,1580.712259663731,15.116726465870105,142.7267634380362,0
318.52278184508936,301.65707963061203,1402.645380029553,33.41751587666152,83.10667304359129,0
299.8650277526207,311.9961156130264,1547.6357769356218,44.53508712554468,78.88329516578388,0
289.422890710441,313.2359796985137,1550.5470159166628,30.177059657453206,26.655904734149473,0
308.2254491210319,307.5840676885031,1606.020990749888,40.58984221589597,91.6995801615671,0
287.7915635002898,317.86993381645016,1775.966003891108,44.46872500802698,24.873667218241163,0
302.08863595004755,303.87117168498827,1539.2415967178767,36.57450799142235,191.6489861780129,0
280.4032987612022,302.6781255989509,1449.10363742925,41.70463770996571,241.56857443704646,1
286.7181395110157,311.1222590927999,1497.4425687808005,30.372674347153875,242.5186141666767,1
301.96861235869125,315.23549151306077,1323.0924095110881,37.93388720303953,216.26777484384846,0
307.3846657999541,318.41963845728935,1430.5286868910941,46.10216169589223,150.19803733490477,1
301.71368281189973,307.7055786856553,1459.0717561886895,41.569729609684344,175.21642431096998,0
298.8435171761176,315.39340416715646,1447.5911602065407,34.13468730436065,71.30145067010352,0
296.9889630441071,309.80745765249645,1515.2354872033723,42.24216404290793,157.69260504315517,0
285.21478009632574,309.1368635002959,1417.75800676178,47.14609790636618,113.91238735996936,0
292.8015579160529,314.4182996874334,1612.1030667324471,19.50058721422522,120.50433494423312,1
295.39361229040213,313.2616143920671,1500.0207064918197,51.59074064955898,189.44414009378949,1
310.57122226218917,302.11803921507874,1499.0699678861386,36.63745261318928,70.47958889931292,0
303.4361828956846,317.3827017486295,1467.2105283487083,44.2548993324023,79.50990292362997,0
282.36959844637266,316.90045677073726,1515.519068385898,51.97246923645228,231.16044778215917,1
303.240839693948,306.87218649245233,1582.5098264667636,26.28326302769534,14.05607371274306,0
296.14917719583684,311.97901766718707,1413.28697842891,32.90558997572453,121.4085746033351,1
293.23077999694044,312.4701509314137,1434.1883510924742,37.11451304124295,228.20020010196544,1
306.1167628884087,311.30336882911956,1469.6273971223336,32.16246478875571,152.59075195453926,0
310.3099952249595,307.2484742307729,1365.4129076526785,57.34936575836808,136.60176855303303,1
309.312801191162,306.64188316030976,1418.0742140278503,31.432279061732075,62.4360448073388,0
291.6078247677736,309.87222964504275,1452.377912645534,34.44453220513133,85.81887226611207,0
296.9078762414878,315.8636450962968,1587.4389180712728,42.04389031602977,213.01210395117323,0
303.3126343140356,312.7180007729722,1526.2561329001926,27.978504739239114,139.80453294211455,0
309.7554512712236,308.14692833956946,1519.3589911367544,36.04319288243736,128.68554843919497,0
295.2082576215471,313.8584935532417,1585.0897962167971,43.17453261250175,24.89492838500723,0
298.1434102333618,295.7572868968496,1486.2628211600604,36.67139595617489,4.00703911378078,0
288.9366502599397,315.7438285018605,1539.046484992889,39.06613141100052,240.9212971717623,0
288.03793375919327,301.3014311061095,1489.6778247067505,34.70667887551629,94.24654182171041,0
308.12525822394196,308.18779529298433,1526.536234939963,24.85529690819233,150.80326552487608,0
313.56240028570824,304.4016505268693,1441.7241342388418,43.215932113392384,19.928768296821247,1
299.2798987841967,303.5265926213955,1256.118284172357,57.54933071647241,170.77857143076164,0
310.03532897892023,315.8041339368926,1486.5720837813697,40.18401630783438,233.14167717649022,1
303.61636025047636,307.66149399344056,1642.274813609994,42.25264117247549,143.9163132493549,0
293.5488024539488,311.73251940865356,1592.6215402241592,46.92722755116859,31.528830593852643,0
303.61395605508415,309.76539710560405,1596.5397484591172,27.306695034533007,145.43038186836918,0
315.3803656646597,312.3852041361156,1623.6130721806219,57.025146581296056,191.5868032761631,0
299.6417396089005,310.38410945530126,1508.8657590961438,42.02328796422802,101.60413414350467,0
315.64643655814007,303.58503887905715,1519.7315707405596,56.31856899089109,219.95943698536695,1
273.8025489591026,314.9813340972357,1438.234810456565,32.66967004476011,162.1707383393411,0
308.21902504375225,307.53121708419343,1468.392714397295,58.18061922557825,224.81222957230062,1
300.8704706823817,302.21709050670125,1561.5771149771142,47.75155494034783,155.8763278118343,1
297.00992649534135,307.85942419517045,1620.3884437168817,45.530400858523585,32.82199300120606,1
300.917607765355,317.50379895317155,1486.0553724319,42.34024454353148,77.42292777629729,0
280.12431085399106,314.25110871056745,1454.9810735148587,37.514713819255505,50.44873706311423,0
297.8032811216249,308.2567393279607,1500.0527958856596,52.00531658473872,227.20662442921557,1
303.5711257151175,308.25371147840787,1560.1206748929114,41.40359869848047,190.10001682187067,0
314.77894044741515,308.3918247439131,1355.6145183866458,20.329302964128477,169.09959222750152,0
294.8172978172635,320.3837399178042,1270.3819046862761,28.828135382929975,75.24157990790542,0
291.91506397106815,311.90967726115775,1444.9463150508416,38.14154247807253,46.01119301255338,0
294.98242956415464,312.15020823595535,1377.928757408584,43.09998983165555,189.11277199722795,1
309.15402117702075,315.1514172701592,1449.185980235269,39.43411511100104,118.53948646976991,0
303.28751109659686,311.19394579513255,1485.2219681182528,52.18970789793663,56.447388037657284,1
294.7023979623296,308.70478927089647,1454.6751590976987,20.488981359613753,154.15549454131877,0
305.13267433113356,309.0182507545751,1645.2467534470745,41.435879365051605,10.083463034612993,0
300.9707754934804,309.64199370292965,1532.674476460232,21.820207746128453,81.54256353206338,0
309.6864499053289,309.8138888174508,1530.0474359610828,47.59712295484168,117.13924864778366,0
292.9794690612265,313.6381477181849,1562.2207144043402,39.05541285557997,36.98958352735146,0
296.72337853402234,310.2597294290365,1386.1166882219231,44.19609972024118,246.16361939770988,0
296.0789184686784,313.6632003860779,1603.9111787420268,31.361170394102338,52.27434114740356,0
285.3648505186788,309.5964170994571,1492.423571346454,52.79464931657751,32.588282510816384,1
302.96120277064574,310.3931759515805,1567.0480617241212,50.417246640588516,50.8837184717241,0
302.6105527217989,300.0089965773395,1392.8142766959845,45.835443030118874,192.26528328993106,0
300.0511345664246,314.5816383735124,1344.6241233983935,38.704827531365595,106.37641481796071,0
297.65412866624854,311.73244237948995,1581.7889658025028,45.798572852951324,141.35398493813452,0
285.84629257949587,314.99005054929825,1537.6409526097516,32.93107432012651,5.252289246590186,0
295.7935467723464,295.51872310903155,1409.794844564249,48.55555659020712,8.607827143328638,0
296.5728548347323,320.4418735239036,1413.0336918725307,56.49480894323921,111.45638745675404,0
291.97722730778383,309.30205185922415,1612.543478441477,50.70610559979186,204.16381080040588,1
298.3871428833399,315.5409140836876,1381.0588107132671,32.70397530192591,221.30971967689132,0
304.04050856814536,304.80047036437236,1664.2672953255963,43.61417317273103,21.676641898910056,0
318.8618590121053,313.06386952531284,1409.9379265352131,27.068584562413523,134.5907755252557,0
301.74577812831836,304.7329221841317,1563.8391925608382,45.723903111756755,228.30742156981762,1
302.57550390722764,306.881155196521,1467.1381524251015,44.50603412862539,96.9931885994716,0
299.25554084233835,319.57015676933395,1560.3187431082342,21.30183660467836,207.39145785709215,0
280.8122878470096,309.0465879961833,1445.5885997885807,28.382161560876362,33.42391359985905,0
299.73486124550783,311.0871643658986,1483.7207093927707,37.16861103256233,233.84862241694967,1
300.6023020994103,314.35033865344377,1504.091917539572,36.991402528591735,187.85582938282568,0
324.63242112485284,312.478409439863,1399.7812544218527,27.905230645811947,235.33359819672543,0
298.07639035218875,310.7520945257179,1574.0824345420126,43.889787293521834,169.15430838812662,1
303.0154734233361,311.8248050123311,1448.6786433528414,42.51473608940512,90.85098299985675,0
299.65288230294755,322.01707792619135,1477.140008465998,38.05730868021481,234.5452931311806,0
288.3132196238047,309.7119060148321,1400.5650625391488,32.44208499841637,68.89169407729462,0
311.42822814515023,311.00549523357483,1243.766634120469,50.487071264165635,83.04313051543313,0
307.51933032686776,315.25327198003805,1480.897223739983,56.55407113088295,175.20210450043507,0
307.91031947043047,315.5276296647899,1741.2615421612916,35.16438516153463,191.32907488134657,1
290.9061254520526,315.9351515278019,1578.4604287898023,33.878330828451794,232.35087096228847,1
314.027943109361,313.19365111014594,1498.0739620265606,44.912076654119964,51.20060226405238,0
285.9814893720772,304.28497543634757,1473.7109170791732,36.419706202530136,199.499508804806,0
305.8685709380027,318.1671576615055,1502.2465892812047,38.60602799336766,184.63651334924086,0
321.9045562580998,304.26827303490654,1554.711911517521,47.396531517246714,15.948639063399467,1
290.0946367486931,311.51317732619515,1381.9187184691154,20.906439124927072,96.80578530255174,0
294.33702270397225,306.2286207499032,1611.4321694668872,53.183023248526695,70.69136426502465,0
300.9965136508764,309.679308267035,1571.5381315441243,40.72680524329341,76.1226060885076,0
294.965243458838,311.6438120515174,1571.8185725707935,35.8850685543782,245.7367198886752,0
284.4933656893387,311.60678607725134,1543.8475738809727,39.10765845778551,160.69435336998197,1
300.68562974806025,312.1096037711764,1501.961665769399,39.62429355020519,179.4190394483749,0
289.37696286273894,318.06855634529325,1567.286123596682,22.687986965550746,244.15440932875228,0
304.7359243063518,312.2676715075699,1559.1814133741377,54.94938227453236,94.30044561440967,1
290.80575765766196,308.77921682354673,1464.5959289058976,40.41325632270618,200.46004211320147,0
315.4993440501754,314.8204358414418,1442.63982271031,44.430021304473755,108.63274082612384,0
292.16746707663765,315.9473524446232,1510.1856295261987,49.51549770574043,217.38341795374495,1
296.77938483794327,303.86196092431504,1654.9020151495188,29.788375424396996,45.1643853278258,0
308.1351721736967,312.9870003492493,1376.08929243461,44.734718990352285,236.9215442660699,0
287.69135683566043,313.50586371155447,1353.247473424756,37.32358909101207,54.69292710271992,0
302.27459934604127,308.51218248320004,1516.4760841236516,48.46770775216494,81.55512674523288,0
313.07142754282427,316.8785340665581,1505.0887701856018,18.727725796485046,189.04805852669512,0
283.92516765438774,309.2497220648374,1517.3341664370407,39.00905699758731,98.43878539135167,0
301.84633858532305,310.62788226735773,1524.39531979085,33.97179344216038,152.05284419161165,0
302.59882794248426,309.1346408785806,1477.6797745365195,44.322629506341556,111.14337526735713,0
307.8182287177731,310.07789523790734,1648.9863438602083,44.700441873682024,185.59248427244546,0
287.6304928912192,304.51862456552396,1339.9096021523485,32.92374105177974,57.08281309215271,0
286.79543386915725,302.79974558702855,1417.1502975219755,32.87826135823956,14.614496809219252,0
305.21941565616896,317.97252531612486,1489.6745239850952,38.89334631442671,74.98234936826655,0
302.96984673233186,305.7651932584084,1335.6811188845832,31.033577726847916,118.57716621710756,0
302.50492850345876,305.0430382527185,1482.414559556793,48.41983695452127,42.005013048169644,0
303.46448209496975,299.23304943198144,1666.147016572802,36.30792799552554,88.69932241409717,0
293.1997527842151,306.80519126155247,1502.0886488295962,10.930117806783585,99.99575457339213,0
302.32253697161,303.3845510329625,1523.0700905718684,36.25177943378194,14.347960922068387,0
302.9307247329868,318.21007580068186,1373.983523482742,29.614561791560277,145.82681204605115,0
292.85648581973635,315.04908544671315,1438.3638591960523,23.687241845390545,221.08585699282187,1
318.6577451114476,306.5592482741114,1462.4803619676063,27.625733617774273,37.9357282382631,0
304.73832920911786,321.2621790267215,1468.2284903243767,41.094084718329704,149.4520033503785,0
288.0869650279735,314.90882743495797,1628.164379500377,53.28640828248231,166.18480122771157,1
306.5655360863383,308.37584308245687,1555.7691060725124,43.131844738649804,104.83367010482209,1
290.25318329772676,297.50297142563215,1388.8542043062969,33.934966117842606,175.2743968410675,0
307.87084603742454,321.4547128629537,1524.6504778432004,44.55904195170703,102.682885872753,0
311.585955790074,303.05213766618203,1549.8221748496785,35.40909689781008,126.15932199435872,0
291.7931768164829,301.77300626521554,1614.0149038521267,33.05399630836855,1.838261138606745,0
309.63376129244324,315.1128521600482,1658.0540686568374,28.456373317670156,172.9300285336722,0
304.127809269365,322.1987620316964,1398.4905808172132,22.48171193248281,165.3356697361811,0
308.22060159994487,316.9213640925526,1418.9142488789662,36.100762934405545,9.60021933158614,0
318.9679298265395,312.8195456002618,1374.2422141085383,41.58053489920132,92.06252684878328,1
297.5461188399713,312.9737717083264,1476.5980140893018,39.0337632998511,244.75796019791684,1
292.4626383564251,314.26707779390154,1546.6358374446334,35.84033072052641,105.1841406421542,0
291.10485570374476,313.7946429489338,1598.73345165891,30.54253939303219,125.48635128296043,0
291.84189715034563,311.4059571198469,1492.4048976357478,46.08246191684969,227.48253953992963,1
299.22898290585897,310.5210055197594,1468.0152476745156,26.82868080053415,179.3154689664391,0
303.4115197481664,309.68703436050237,1515.175799224874,47.760279138434754,145.5175327810559,0
302.7669079933002,306.2301770556666,1416.4857098369978,29.97782981073275,199.45117033526813,0
308.2718324903602,308.59662461566614,1708.9538721694773,32.47564762646965,216.0915666139933,1
300.13001891877906,301.5352159290231,1339.2338972881942,25.33214809384323,114.22201793431671,0
314.53534077157315,309.5083018660263,1518.4740578895724,34.98597853114363,118.77709123295885,0
297.35343166762044,305.0570444642454,1702.360621922964,49.75312458477979,96.51273391295895,0
327.2016916658962,304.48205341392116,1500.6799844559998,45.15628088443957,241.67653500461515,1
306.25667347765005,310.89947075576737,1480.9960964998506,49.78422112028035,174.2915635725876,0
291.4284244358372,316.960011431723,1464.2554577189574,45.22142545933936,20.805766552018074,0
289.29107501938887,314.5915830300116,1481.9608318237592,28.963301714696307,215.73990582825462,0
304.8247241524318,302.1474969818841,1637.284847467653,36.692107756724425,120.13998520906702,0
297.76537214674147,305.0518593171483,1278.8138088670494,32.19800870882537,17.188476605621865,0
307.1400049409209,314.7038559399411,1653.3433701296326,53.3057490403904,137.42931379082776,0
304.73237624573545,305.0875630323085,1357.6042847549854,28.032113535736883,104.29106974392552,0
299.2717108734313,308.8768342500149,1473.3347670765586,48.93697689389111,219.4373512156562,1
291.53206281931597,312.75026049512275,1457.0755579701338,48.929538701087694,50.998650902346846,0
284.85152775314134,305.15827772568184,1558.855326977072,58.29620201716087,206.61615237304574,0
295.5348504793298,310.5268775307298,1340.1875648116252,35.903134073705026,139.42217279636318,0
308.56398794323474,303.329872525409,1546.2172666081942,47.123221595801624,13.652575803367261,1
302.140937441302,306.99316178024395,1702.4309623286852,62.816518365388426,242.96132533137117,1
287.5426122128801,311.59890967071266,1363.682599540719,33.82358323066303,128.15381102579997,0
301.7318092585118,302.03503133234165,1518.9706167610395,24.649597524676402,72.71921355789563,1
303.8531737972884,312.202373689802,1433.8017822203392,21.199899660922362,117.35171049731451,0
291.16142563798866,309.9018110053666,1542.5887206193036,47.12712028861331,214.46444587937225,1
301.5372510594553,312.76244977208574,1501.914777741575,21.16849791941416,76.22578109626588,0
300.58208718446,311.1195706703233,1435.851309095569,36.27680947062077,48.16909912167508,0
288.57029702169376,316.82070214986925,1548.7872284871073,44.37313187038961,32.26781173272036,1
303.57787360348283,310.6261225132395,1680.4348109786742,41.85175536829914,74.46484959755281,0
305.60784526368235,307.8529722943737,1480.9096208272701,44.25444864184172,195.01202176001087,0
310.83051243175277,310.6114875151614,1571.9757942148183,42.22289855800854,117.90659129881543,0
310.53802052034905,312.7164901451819,1370.6727042128837,52.788658133133936,56.87040092338499,0
286.22330632042906,310.2443003516285,1404.3563623181992,30.47683619261203,41.546249902437296,0
290.6217496008488,310.2029584560194,1547.2406277880377,33.23004861541469,83.18236912759477,0
305.15035267208657,306.49004156096623,1648.4116028535964,32.27340554729176,234.98109322142722,1
305.1378595091221,306.68549541224525,1535.561334878566,48.301918118626105,85.7566781475061,0
305.1504768630605,302.98697364100155,1468.6941969476845,49.003985883950634,247.03101898865884,0
338.5273149065472,318.7478837159347,1499.9291405423355,44.51225319318508,121.30761394133904,0
305.7089051069317,303.78068382304355,1374.9592266030284,51.834936668899275,44.79097957253772,1
311.355656401806,306.5354740110205,1560.4515326355368,28.21959132623619,222.78502294837736,0
309.54001763493204,306.40796367215404,1588.233306232341,56.67224111551137,115.08884328370672,1
306.51391251305796,314.4746218847222,1454.7909667166919,55.23238621712258,177.4178358761311,1
296.8473075535965,308.52525160853986,1452.9957852240498,47.35621997245747,245.92789580228794,0
307.5896922049327,316.2387103633687,1526.5878229652049,57.8179890877106,12.5438375799935,0
292.27174785462427,306.63254687878066,1456.3280263959405,23.433767923222263,24.173639946891782,0
297.6318139325999,311.39497081111904,1493.3867385374178,34.755518637373484,180.11418536568905,0
295.14636452170896,305.8232647337012,1709.9721789166515,32.64696539318048,70.456250823868,0
300.8187413938632,320.72574563886695,1475.2974299254004,47.21479323757343,46.07534923752476,0
323.14658566673506,304.0620079048524,1464.1659847978779,29.498592603978544,9.840469954932374,0
281.3273480740825,311.54910355113515,1435.245819436484,47.574951493374854,5.461677996550451,0
306.86260190374514,313.1688844046605,1574.4191971499936,53.705361439967135,193.62140077994772,0
283.8728412881035,312.0689954872575,1481.8775826781898,46.95202900083999,33.6083568423875,1
295.28068134210565,309.07356170561144,1435.0626961678574,42.83751023661501,116.93015399278772,0
310.8895059696737,309.3508965013329,1632.1304032273013,30.12126659099251,151.47420379487076,0
300.64280019095463,310.21905735989554,1641.9603004513638,31.53149033874635,107.08795014221157,0
289.2225522207069,309.26498999185753,1439.9576434261294,52.49618905296667,6.776663084058276,0
292.8469629074003,314.81939558397454,1313.3460048639383,47.793490039053324,195.8753756469772,1
306.79597748934674,321.0526150079568,1600.7513689836921,39.60980480622456,2.628306135413372,0
292.69633368282865,307.2125410749608,1431.5370174239997,35.8209045423411,190.472473594371,0
302.16458589581976,303.1509851021046,1579.0625599162768,19.74192126888623,223.32612344703068,0
300.4557183990381,309.5585897582437,1302.9896182288164,29.291475813155614,108.20998026429307,0
293.4839965239418,322.8985466882716,1589.2597338299308,59.114190871397234,133.88561827444957,1
321.4394408932533,305.98162716015133,1378.882807071922,27.195444289975335,119.24584815441344,0
306.33919022318014,318.1955840272203,1573.0764119066525,41.89479821221081,97.3021546558597,0
279.7485741334239,318.3885040703822,1501.4273067836434,50.07443973195198,221.85613384259005,1
301.8645431476943,307.23205879146,1404.6060580603355,27.450773319977074,223.48337766749762,0
293.38213535231614,312.84491539592636,1459.296368707322,41.84710474781083,83.95409116038363,0
308.5243333479622,318.1419831156427,1568.63184569567,49.37915537510655,153.7674385036745,0
292.074792615673,308.1043612950626,1510.5894453115234,40.1249932190725,231.72689053646602,1
298.85263558533103,308.9820981994882,1558.4412980472484,68.68403055666768,240.5146247353379,1
305.04987278980457,307.0915954302568,1697.6440584515485,23.314007411218046,127.23976010551189,0
308.65755194170123,304.9262163465357,1343.5758388288948,50.58728529883879,113.20620132108169,1
287.99703592944223,306.75361227467,1661.7212574968623,38.27198262603535,69.67357898213145,0
296.65498764159054,303.8802986661887,1510.4355937523212,47.719201548366755,239.7179682976025,0
295.25054688839043,310.1704173412961,1410.1215951676872,44.41307151699246,35.70357611821684,0
293.46670767426286,306.1501338447068,1366.968637426101,32.668438028900034,144.95739401193126,0
317.654542402811,311.1689295589537,1481.0879609222966,42.2899639245934,70.63756687965972,0
304.04981710960953,302.2205217689819,1592.165011192446,21.420985486017127,69.75207258694915,0
287.3911604566496,311.65440116107226,1487.2450879622465,46.032475005713934,101.24214684404711,0
309.17861947054774,314.1676448080446,1651.1154930247349,42.98158465990526,249.69823395391364,1
321.22156197012634,300.0313217871427,1354.882430994844,46.38660168643102,13.741576709955517,0
310.32465260551146,311.87028284923787,1498.7911052153945,50.581183250871504,144.63545455088286,0
284.80630034045987,316.1383449623665,1374.760655558688,43.67619840209711,20.643039508819292,1
295.1576592713375,303.95179490654397,1536.3631882624968,41.480894197982764,38.63020749762974,0
312.6691114918662,318.3628619341885,1588.68873900973,31.18931663338708,109.89073544322467,0
292.9233053438122,312.09509504683024,1457.9238206318946,32.87779236350949,127.61503283661033,0
304.4381942814623,306.47494072120793,1239.5786143372866,51.86734620177331,64.698102091131,0
307.7463405342934,309.7211546117115,1519.8948146796495,54.36335405705979,79.11428271860404,1
290.73069528421917,312.79163456260864,1543.673855173351,37.61889563687946,21.741755063983266,0
299.404746439382,310.38002695706206,1540.4294754961697,40.460027472532744,75.80494596106263,0
267.5873265993093,312.6937799622319,1623.5782191822154,30.953856250062337,241.63960984513602,0
289.7561235866571,305.39663203460316,1392.8946320350951,51.72756845267445,236.17684541812042,0
297.4743184860684,310.84680412018037,1568.021610545045,46.65416823691778,83.71957253424625,0
287.5221681803515,302.9314275154751,1619.2507512477976,59.412174364637494,142.7134840696904,1
316.32411303931633,309.4438696932565,1322.1412415993484,31.21676922820261,227.39884777773608,0
285.6985862203937,305.48046179267607,1531.9651825918977,36.21992100981783,1.5459556602241686,0
295.59955513303015,306.32235028705117,1449.582016899233,42.314459225255725,202.67089258439796,0
301.30740577286093,316.1804658760522,1491.8477326898353,46.464895377257704,237.09238819722975,0
314.4127328906612,315.45655060297133,1534.7676483538337,37.84332362452368,22.831433583389266,0
285.6413784882056,313.0456906045359,1451.2771435886448,31.270389095462995,40.36192150823026,0
311.6316375215496,304.5384361766371,1432.4291920838389,48.81407528923571,240.18657569283886,1
300.10233061019585,308.417957751526,1503.4152417488024,47.211353625455814,134.38503591008657,0
290.1849134895205,316.06548849989593,1391.2754061137198,30.83725899436275,3.5491586179309254,0
304.62103474263273,310.7085845681995,1391.4174871114815,53.55442801105496,64.40799969088229,1
301.9905969557347,321.5966476999085,1567.9373282956503,51.70198709196604,112.48591856721491,1
293.99783122841205,311.9665891969719,1385.1205964841345,41.34296497247793,173.22722775619192,0
300.6980208499002,310.96024558245017,1566.6312500909212,40.79597862376036,183.29009453419988,0
296.1468640313824,308.4544176789875,1546.2591292853951,45.540577711159074,248.85537823136403,1
301.1351734525125,310.6677045239114,1327.4193271209404,31.38296929743742,71.87779984593975,0
306.62130674521046,309.2376508180973,1432.2435347664345,40.30031479164082,134.5550254671188,0
315.86016816145354,313.540543383443,1619.4109403047373,18.4761645539082,133.33088696490125,0
287.6218450117315,314.78351158397294,1401.8834468860318,48.76455645502936,101.41131486180937,1
321.33033374656264,306.07005269746026,1453.5595737690612,24.385067775581405,42.29047346060505,0
280.479122004775,303.3438352322111,1546.2060893251896,55.03419828428999,244.36414079596065,1
298.4821490496442,300.81897313448354,1578.3390509282594,36.698799060335496,213.3292966666465,1
305.8831720648458,312.5399566345627,1474.8461113955505,37.88333018068823,124.5832570735593,0
302.8099186773503,304.48316696913065,1440.2489805308358,33.72266093915494,150.81135567100745,0
293.77300480179406,299.2355470352376,1642.2369861698508,37.11961126077924,56.81526338991558,0
297.91877749642725,311.9428930226548,1673.8899663797579,54.18531345148037,135.9467675979367,1
295.06999065341165,322.46499758716396,1597.8858050781796,15.121913434649205,173.74253328036895,0
294.1063524305579,309.96964544230053,1508.5318142565025,52.769653860881874,128.7917570966472,0
308.4960209702102,314.1924538722582,1419.1734278359074,43.38023481101708,247.57129264623532,1
303.5701548596505,310.40914679273783,1416.9555593443436,27.929783521427844,152.83541406193154,0
293.07090404739347,309.5055517340443,1552.2514105265757,29.24687606950762,92.74342814804226,0
308.9959987543325,314.59538241493885,1541.8398220888685,56.763930272082035,193.03800690395954,1
303.0729952087661,308.54862727905675,1640.159859294643,30.544931200572687,42.61562789541051,0
308.1286211883896,311.3369615703595,1565.045009253614,28.466494894040405,96.12895342656664,0
306.29628841923613,311.6084890309801,1349.691969824018,51.373145423647294,86.73973759439646,0
291.71004989077926,306.65954773178476,1605.194761772292,43.385528762859146,107.95177377694432,1
294.3981895980303,314.9602117476826,1400.1939372685588,30.620744234636014,195.44495648218157,1
307.47293605123264,309.12520121652295,1461.602872804765,42.16624975404619,121.04325804085187,0
306.10370265433465,306.22127420253577,1525.0200206251695,29.742473163597225,198.5036125664907,0
299.79098406035854,312.682549217852,1699.5667489783964,51.00821398422605,144.12222578496647,0
301.1732738330878,305.50766009104484,1810.9918556005362,50.61370964873134,85.51735866438884,1
312.7766489578843,310.1409057868456,1560.6723059136182,45.32006198821943,202.4946859208681,1
294.0842861116417,309.954405016779,1481.6803381279612,43.61661061247017,59.572417638272896,1
305.4709738117004,315.4294778291579,1553.450564848055,57.61188124867374,56.09574494994887,1
297.97807347566106,312.37349116439975,1588.7655425873836,39.996863273882255,126.12573101370894,0
297.8231879677278,309.8748652062743,1467.9332374442808,28.181258745791986,65.21231149052223,0
310.9877685198719,314.08883149600143,1679.5211355912322,44.49473912832307,2.27175873780408,0
308.2541634898803,316.9510377450866,1523.00707591914,60.86047049537114,162.07438182470037,1
308.1350963600064,312.7890515317593,1549.7743089091393,29.85240506814148,127.7734553680995,0
313.05478807154327,310.0517630992169,1566.592425205446,36.38537233306014,111.3794536232903,0
300.21003841632756,303.4408188382492,1542.1586610614456,44.16446038101453,241.74212865457883,1
306.81952971294965,304.67443168462313,1583.8940500469612,39.46095150994261,142.79979599072843,0
296.89733243406545,308.47387647822666,1438.2746813453077,30.176964196226855,215.85789444734613,0
303.2416635248844,306.9524389892036,1444.169824605397,51.21857856230471,34.86255905129004,0
298.6985694563231,309.0651434850728,1389.9845767028305,63.20040722017259,142.30161578235692,1
300.9699596499272,310.28324962448556,1543.9501230620226,41.96131459023907,216.9949066827257,1
305.95157025436913,312.64846377178367,1577.8936503512114,30.959317102639996,145.7764393199745,0
291.8177931676653,309.6475061097045,1545.7772866151886,24.51039474946525,179.50354453175038,1
320.9238727568546,312.432508219131,1667.4492433347536,42.57975981221181,93.01089195305184,0
289.93982618500297,310.3223720740506,1499.4403981170954,51.038773433162575,23.112379259266653,0
287.85811387212266,300.12266716823063,1566.8741655592512,44.751677464953815,114.47507378176786,0
311.58110873500067,305.30332303090626,1390.8299123860686,39.97596159081146,98.61984770971438,0
307.91662693962934,309.2795622213919,1461.2900297525598,34.107283482106936,216.76504559473682,1
306.24119817052156,303.95152628579444,1569.5537757565778,29.0783636728191,60.99882558811806,0
306.2834550926428,312.999643649981,1584.9102110743145,48.34751326324882,241.68355688377702,0
299.87753227153087,317.6537541617185,1470.6033052335818,49.13771621385585,239.53452995112403,1
291.0274562851417,316.0938092584866,1492.8400748141933,24.542702133092668,61.907910767859676,0
300.75804558193727,308.932785645349,1348.212625331919,55.89838978180684,87.01298886933012,0
293.2283828848789,317.4536306842498,1464.297079919339,45.74071220894001,223.88893521847126,1
309.7511973341775,310.74333728601056,1589.0383163519787,53.99594645145793,241.65555522402687,1
298.5294261849786,308.3145701444098,1557.5205016106565,26.578722515148847,110.859775709011,0
291.74502803207486,306.9329866822953,1550.066572138121,26.341758445845613,80.24926141022445,0
296.78614158347006,308.48765156755934,1504.977368718096,38.51030690232703,131.5235033128855,1
304.1293145427562,308.05911590729386,1500.7063158628177,45.02784426895194,171.9423015914337,0
294.3627544719603,310.85208111187745,1433.9678860526553,57.96360822926964,68.36862884374494,0
291.7777960443357,310.80286990524934,1569.8828420202535,47.060789138151314,184.1182936547682,1
302.43687211491914,310.0152301007671,1542.097294438939,37.573187231879665,12.914339278660258,0
302.4496657110872,312.18469084873175,1549.20188479928,29.73630792334108,12.32362319110411,0
294.9305682462887,315.9532313739317,1447.396515733242,52.300005727191504,96.5719262863863,0
295.2896169438168,314.74777067720663,1284.6657080128755,30.35294574249285,88.36829801518014,0
302.32049937357635,302.5755101577505,1609.7152711753695,56.284685547723214,78.90830384178807,0
285.51915658502674,297.23039432549024,1452.1162543991595,37.15615350393491,122.7549406672275,0
285.92536225623445,314.6715995561964,1413.722423595688,55.905820726178504,80.18339557789281,0
292.81555778747565,303.1656065079229,1569.3478911913994,46.78931290059278,48.06447961702298,1
297.86552848288153,308.8761729905366,1460.798736008087,38.63004510557542,77.36738727215022,0
303.10907565598006,304.1494348697032,1605.993638404662,34.806036281738734,243.72606820255874,0
314.7535621694955,300.9900978120999,1561.7005949576696,36.5909212265392,102.77835424871215,0
308.57659623202017,312.7073136410239,1568.3569323200477,44.283166923752376,111.17819421458394,0
298.40061470036574,313.79577580151323,1363.4044288799466,40.771564962177166,144.136247487785,0
299.8098379209731,307.1174479963664,1621.1943985386401,34.06188591931295,245.83519210355664,1
289.9747063536219,297.04478853927543,1526.1250531233857,38.34368589682368,60.40031910894076,0
299.8148686400761,307.2687777587376,1463.0722860753797,40.7857702971915,170.32052763310844,0
297.1134136107986,311.95902002701274,1514.3388467342252,18.71265905585188,178.99617338543104,0
303.2271856033809,302.60544215612936,1322.376476710168,44.58168114788699,151.83110419826647,0
291.72769056447675,310.91679959889575,1540.865281148067,30.20278775283193,22.14458490916102,0
305.1934651424117,309.92345075413505,1397.062849181793,28.46667596794255,169.21806895689411,0
315.3273891300258,312.8964574980054,1364.7329714156465,23.1265565288929,16.02367775904387,0
298.91239851543145,310.59790184207077,1347.764081378211,22.0610750213211,149.03566238747425,0
304.0171172209894,305.1346552955922,1611.2688374989925,26.44552496887711,184.89529430543567,0
306.90143991711113,315.98285750832247,1437.0736606307212,32.9097904236951,52.7424726549876,0
295.98779528114164,309.2073521348652,1653.37277099165,59.53259137526568,210.40550188569352,1
302.2409248181042,309.86347730245035,1446.4198536947702,34.74120324104796,7.588451383251066,0
300.12592400781796,305.33366020463404,1329.2642042407053,41.777501062680315,210.95321591457653,0
300.97676098548834,307.78358874404245,1388.347556005134,44.004813865063284,115.08226266069127,0
292.2699021614453,305.5759864298655,1623.581162000694,41.31065186215849,54.39698498291112,0
300.24510174258944,309.1352697003829,1484.4101822063333,39.225565392740066,33.444536248492,0
304.9799829124545,318.5585424007117,1445.17127035094,28.04706236400755,238.32679189559315,0
314.5114360779504,303.1404942853432,1516.0018225852787,54.50927548279212,18.16639689528918,0
309.5927082608521,301.9321930106163,1550.1782736167545,58.07196643637885,49.77335498398141,1
321.5318245751156,317.35585163746805,1611.7398815902461,23.173413058773143,86.9555868582615,1
292.3265243711195,308.9533816142407,1644.8499229892927,29.759714091136203,155.05871224028013,0
308.7232063672068,306.6546363067004,1464.0231354210914,37.20189657622994,136.2002713190246,0
301.83342005738353,315.19952343698037,1367.3952313917962,30.354622050898087,31.410873103078497,0
321.89802933217675,306.97192230131566,1458.6534838876723,45.05965553455865,72.43199593455365,1
291.9170171464485,319.13004856773466,1526.0280506582885,32.71727797593387,59.687942771506016,1
291.60278157819226,313.38962935669633,1403.624107378939,61.65056067806603,53.38571362258534,0
294.0060735455598,307.5604429592715,1404.2849085104958,51.90548594343596,102.78608411999676,0
278.76104275690193,320.7865410663275,1534.3787881549886,42.12574030632215,176.00786314791424,1
294.7424497831924,306.9714253849833,1495.1347648429548,50.26986263319732,54.363233054308985,0
292.40867338446304,313.7104768600465,1503.2796995411586,51.059004243573085,91.66971992574535,0
301.50393786476207,311.4964629020325,1424.150466529993,34.36052511941757,97.72935671029056,0
303.4175597577716,316.508706446994,1476.9599285794234,31.83782755458035,244.11413235885254,0
318.7617083921589,317.80755598363424,1407.5766855731695,40.78143062969647,238.66658921976722,0
309.5042383818605,310.16002074532884,1589.0198411124786,48.616361244979444,200.03439568801898,1
294.23096344337597,306.23291064826907,1603.5249334723753,41.390603986534174,60.41473020479629,0
291.0158532865164,312.29986071469557,1315.3812137761906,24.230035178090027,17.00932852291742,0
304.91919171506504,306.6114231512395,1407.048913980759,31.971755560491577,79.22603443015619,0
286.7976679297936,320.0669362376331,1350.347074490992,39.26027136405622,66.69863735845772,0
318.31458765854353,310.6826766554137,1434.9976065593103,39.2433439567417,126.48145003659847,0
311.79440120721284,308.1733922434395,1491.6562030209639,59.725421767898084,194.43197751694828,1
295.30824347895293,310.92340152932456,1355.035478030147,26.14012057601002,214.5807347197145,0
282.86865470909123,303.2643685523515,1407.8140186874687,45.055892418358745,211.21602135262714,1
313.5387237416541,305.14192980744673,1399.60426279185,54.8911310832829,89.91889030576694,1
298.8546015474738,316.00206953972213,1520.7267329398944,62.71449745422796,171.80858586517073,1
312.3781631197346,306.71552860514305,1506.934433703625,35.95602576816039,78.20854938105501,0
284.05572341205635,304.7654450865903,1427.8262446662748,44.914294527201996,15.226385808795678,0
294.00624977046226,312.68326376263644,1517.68208721394,45.69760357198647,175.39131640073558,1
300.0524369971818,315.928520773315,1445.3319915412735,41.95481731553291,2.456888142446961,0
300.46980593764744,313.5947665533253,1472.8344889673947,39.01154798760694,102.29564686462214,1
295.49934528520754,314.9802384290291,1667.3452090298538,44.35975389500046,82.34481732551893,0
306.228499323475,306.2160245571527,1634.0461051790348,14.677539147803145,173.34438462971312,0
289.32379570617405,302.8909466662908,1370.0418763072403,46.820694900626314,191.56136819009473,0
298.5762051497871,317.5066682597774,1582.9732417879175,41.26177903661967,76.02365899282096,0
301.202956317119,308.3866008057893,1581.1396554491591,37.77525103221735,202.9067536112134,0
305.1443883405875,308.7458349177248,1385.1736711247381,60.46862195719558,73.47919012623343,0
307.1161487808889,316.64097070924527,1581.877764375486,33.250659812094476,111.5815899966403,0
288.7535790816213,312.7811500470033,1653.7931918412553,35.96924010934969,181.7546317535335,0
284.6588582926438,312.27943886040805,1387.7455193755586,59.91553302204734,173.23005730619715,1
312.77676821898507,320.82501172450543,1408.2497178985736,31.679386951501435,246.84211807805002,0
303.32314011979594,306.7824088480993,1601.7661466843501,34.49884717063461,56.290256053982965,1
292.51513463443445,314.63920064040616,1527.1495310825649,38.5297457656915,165.5794783848956,0
315.5115197552252,310.2850656244854,1555.1476275239522,48.407344821295496,152.42047706894434,0
301.1567463429286,311.34296139431626,1534.0589216400497,42.078025073533134,228.77461362250747,1
311.79297184063824,317.64234213206265,1539.0695920928144,27.073746528477372,39.09053541121877,0
300.6751848141011,312.53917878144813,1367.3527871688916,34.6783143687281,187.94954089673325,0
320.60747924881986,312.69148039524816,1604.7317706621448,33.92645566787789,142.0671540671921,0
317.55340842443206,315.362536686549,1616.9589992427773,39.22778954776955,68.66646744697636,0
297.51035851520925,308.1752363522856,1477.0609255931972,44.25843658629829,118.60872853679352,1
309.71570950954356,305.803951663305,1495.6523050186138,44.18205755887972,83.44414926744945,0
306.4537594958515,304.7759540298948,1346.8892497444278,22.23988245951598,144.8283506971152,0
313.6863155753235,300.16821705312,1551.4254756017835,50.639409875608564,222.25015270366646,1
290.35076539419896,320.2810356497016,1557.2057441714144,42.52568845996623,142.3262461030505,0
306.8605145999844,304.4839581713916,1493.7808983000689,53.84532047593906,157.930604581646,0
310.5842448684959,308.89373188207117,1612.4353359870502,44.44198327290672,129.68696177867736,0
282.41260513576884,308.6159335005554,1466.592276902006,51.01322957735762,12.791376611368976,0
288.16741487334224,311.5370334890455,1556.46059258936,44.66545311450127,58.21463921902356,0
279.607678222399,314.0786860626965,1398.0335661307884,53.46225756202748,123.00043235802069,0
297.30593165555445,314.3023674417987,1497.6447849125761,45.22250636017779,77.55882093617619,0
307.1754225579596,307.0846128071553,1482.5645742097165,39.02084753557096,45.44089944029855,0
315.0235705209603,309.16439143106794,1522.5307922040943,62.72434720446881,126.03321047960958,0
300.74094780419773,311.4128997524415,1463.0473071166641,48.89037122279892,80.70244836196258,1
316.2861554557129,308.7565443690823,1486.8527404328331,45.73744421004413,64.52691079335368,1
286.1989854178511,318.0367278801,1582.6047171441505,27.23695583461664,115.9963543600952,0
282.9661756064485,312.45487475819124,1456.3235762761783,27.116923825364623,33.32106452054329,0
299.4445230110338,313.6743889302491,1339.342289926132,42.92715482141853,231.93643326885183,1
303.84065448939305,313.31440634333705,1674.958390420542,41.45521197768241,216.92552447980975,1
299.67305251905907,315.86736928742664,1638.1454078690485,33.858774349916835,176.90514643513384,1
279.32557899960125,310.90510779351854,1370.773730489438,41.4098269961206,26.553456897114053,0
299.1087996048721,303.5158402602208,1568.9707805245193,55.886269280435954,193.96931361742327,1
286.95530499495146,311.9984397587632,1449.7025229448657,46.954024745502984,201.98933202725476,1
306.6967254883004,306.74321553104085,1526.3487215331058,28.589914902472618,191.9411544285844,0
303.6659824609685,307.3569165912512,1529.4224129013494,38.884911728570565,28.49147177981029,1
290.60120213672644,312.93182009377546,1476.5592199683679,31.95033519147439,160.9769892669412,0
294.8613308266331,316.1914153571682,1421.6234334413602,36.12300083591439,208.58119893734963,0
289.4078647811105,310.1063578836803,1430.945894768374,35.86384334370357,144.33835030491693,0
299.3732090272683,311.5441650629948,1408.3808084518757,35.22354417395995,161.60184380702225,0
309.5514232050124,318.5110747231762,1416.8177791769556,27.44864628026605,114.59086985657655,0
290.14273953664457,311.20376589744285,1493.2821709950645,38.7234531848181,132.17682997101315,0
305.0404651551784,323.008415570902,1428.4240010889248,34.3939236315269,8.594214587931305,1
294.6974238162756,312.8275482281577,1568.205206571262,10.70551309997732,159.74075549332116,0
292.07127167737656,301.1961862042209,1648.7246155335927,60.529720245016634,20.3618032227898,0
298.9296964004544,313.76670810552264,1441.9946758629958,50.88769654216672,108.75364858505584,0
289.6475767758063,311.9057919244139,1523.9404500535377,36.23699275075004,73.16377441685195,0
294.4635069465282,316.44876377041373,1549.9685110302935,40.188190497405984,136.35698755292827,0
288.0212210741115,313.3659067563498,1547.2002270919274,28.28345652682438,33.354083880801774,0
319.6472513291639,309.30772008008114,1507.5955267916088,56.95722877810866,172.91085049332955,0
300.3526355197173,303.87850881855314,1574.2682418359723,58.97288694773111,198.7528842321176,1
293.0027449200741,308.95488371356987,1548.2248952680657,41.56693728246525,40.83861243578912,0
302.13979910734224,305.7473977289535,1376.2337577672702,50.235306441853446,26.07827183797054,0
298.8767195030917,307.0973827509764,1586.9156064389274,41.75286778933924,36.37887069683979,0
297.79030400466775,312.942892022103,1588.7290837266742,26.632745611240694,219.28189047462544,1
306.14166700043427,318.349522521757,1423.6713895821417,35.881766310363425,132.04731543908903,0
307.57507710047304,311.9733576491149,1503.7937835447601,41.31927966771957,116.81524900187564,0
294.6949885238947,304.0205846898241,1568.3328992811068,35.45452281256556,26.67795477558857,0
294.2418175935532,312.2230133411007,1479.068618042064,37.81346722564964,162.38900168924044,1
297.24948302848355,315.98315743322826,1607.2978047766012,39.08600442490886,216.99989797377248,1
276.98078835264414,306.9510854784031,1736.387249461936,39.191215021345386,207.04646733086324,0
284.8480893780145,309.32991416663543,1421.4013967365017,40.522584904974835,156.5136772452003,0
313.66874267444524,310.073440973646,1361.8955396846225,29.39394933603399,18.81967916291841,0
316.44967713501285,306.0755084345888,1530.3818595604876,32.82983850872064,28.099256794003242,0
297.5096396044362,313.24140216921927,1572.1562505126144,27.154157343000307,12.32724677745617,0
305.76556963055765,309.3952592569611,1476.913362615523,49.778155496862006,64.36980412311732,0
303.11250154543535,312.09766221953515,1645.3260663321034,18.943530581596754,33.91536679009444,0
330.7888080845524,305.5625391109895,1366.1394200276752,51.53590343316925,65.01201006310848,0
311.19574911434574,307.81270849838296,1569.291862303161,53.86349397262843,96.26451392974042,0
298.72082408519236,313.61190678913886,1439.4139179241106,36.97819413017378,235.74569601778393,0
290.44459559399576,308.13583423954117,1671.9377906207296,13.968629121727012,152.59401494542303,0
283.9355367974243,318.634819256167,1699.251535316812,36.38689438032709,208.74344642074058,1
302.03463635867223,308.001819071927,1423.3343412216652,39.35815838711181,177.58787517808307,0
292.43649254715694,311.12342362875944,1445.044286409142,29.894017800710866,28.125782631657938,0
285.77746290402325,314.6629541593654,1585.9587886979803,34.84781606191757,183.9801015934872,0
293.5342711575747,302.9081713353348,1461.2869350210485,55.30195198863351,68.77472038978111,1
289.1845199638561,301.1959559400961,1495.4588782067763,46.64927162301741,159.7769617486766,1
316.87141635072567,302.3717184271495,1502.538842054241,30.754358856219,85.24049341074713,0
308.8163975694945,316.3129205171359,1308.0326843802343,24.02400830404568,249.41806581616478,0
299.92027358683384,307.24070927053776,1498.6162253905763,36.729826823902286,65.88786987419445,0
314.7994413889003,322.79099642834126,1431.0272225935826,37.86543220649562,69.78261769356742,0
300.7736830764762,307.17876200671304,1450.687717760023,44.96199187363317,232.66806389059957,0
291.38715798671734,310.92275651598516,1644.3632003468815,34.64683287432341,6.161101159080667,0
315.2312407726966,317.7105497628394,1374.3493105720743,45.114995753618615,174.17224696829922,1
305.3891004368466,320.03046444079564,1581.3205186747978,59.35154040060229,181.33159768396953,1
289.62753845673546,320.307517883182,1472.1037069668191,48.15501022444263,209.09464435259983,0
298.09661321916394,316.0418311529657,1472.0239831504166,39.519114926692275,243.60982765961884,0
291.24381746615245,315.1203126290573,1579.037189605171,38.16849528946705,243.9004797891631,0
286.17200269035663,312.9626347460059,1534.005129456889,36.433268658201285,16.319189391615975,0
309.2617754753164,313.8918053808332,1557.061299721953,51.806409124521444,205.45983068822562,1
319.0941664047013,307.24407141835735,1596.818466053286,33.72686554048697,161.57748341434532,1
286.0143242618086,305.9090055828885,1466.8691616816677,40.45222708999982,161.8355335932728,0
305.6296923669057,309.98312771294525,1438.776326549225,40.511979018810855,32.0874816536737,0
293.4935743087817,309.1490768873754,1391.4849473442202,34.98215807188468,162.54679161141334,1
295.128746162353,307.7338597533636,1417.4589470021044,26.275344521158992,245.62064515031196,0
294.0760607576113,313.4819372372836,1794.9094425308726,43.22974503617668,227.95464238486173,1
291.36009230320184,314.77652604285254,1624.4679580736786,39.389960281446164,109.78266520121264,0
300.48521627944825,310.44203443145926,1364.8925633791978,45.0024046943657,9.986993321523585,0
291.6904988358896,317.3876504052763,1367.754204325643,34.66399693560833,90.5733725000512,1
302.70456825779837,304.29155442933245,1548.1866061718492,52.20821298813048,206.5975779001388,0
299.4976189055086,309.0317027036014,1554.7264797377966,31.232262187881553,175.37477536629152,0
297.6105195313359,306.41588839698596,1554.8883835317365,57.120402840178926,114.8359138984891,0
290.924363379584,300.6673169146347,1474.5044206446303,22.523634901717383,13.775383789707774,0
294.23228669431666,309.5865965707865,1487.45457399971,44.347700645568914,106.72368195582565,0
307.5539122582576,309.3912624580836,1532.7879524159357,44.754306825266234,117.25623492947088,0
305.0091718762438,317.56724871621066,1508.5893006293331,32.04442932059118,232.13888322353398,0
290.2244475520145,313.1540584227739,1278.0699627252466,44.24393937861012,160.27152589553987,1
300.99332305429226,304.87906587835397,1477.0200369424806,52.795186697601586,77.91322916366222,0
307.5138712337179,319.27046283167095,1414.8593565739686,17.831811606459354,131.32956611268034,0
283.30594718878626,316.10516847762676,1517.5211418908511,45.02744807490814,16.51382695554002,0
305.43360192379936,312.9104885173431,1798.5259002603411,15.067291796699223,243.1420589124342,0
293.37376241054153,308.8675795057508,1536.7481665474304,30.34335196476792,90.0149754826815,0
305.7059866859316,305.2028038163826,1468.6470313827601,56.29166364900945,119.46683872828395,1
292.3674084345748,308.13896611964475,1592.1801501977252,34.18217966607946,88.82099355923064,0
281.9511789933548,315.44374309852094,1548.2687887209213,28.261200355910276,170.62793252905004,0
283.72457562116836,319.42293152967306,1542.009449045184,38.020622710153184,165.55803958239827,1
300.48084946661385,317.71621764136097,1560.685059321567,60.67906338163552,178.8305776322839,1
302.59722501721484,307.5557528910686,1705.6543564829542,21.68317752793974,67.03580740298021,0
290.9568337489559,304.40191283355495,1386.9111564674085,29.486900883606555,78.9171202910165,0
306.38592458777373,310.704431234556,1547.3632076811455,54.974316831796266,31.312807774051986,0
283.3847993773104,301.15780317218577,1407.361887001846,58.57702343537733,163.87749296152816,0
299.33920201352686,311.6158385709239,1555.551264634225,38.96568775709716,9.949281833913137,0
287.8898380023754,309.26198706850664,1408.1313488513906,27.609472974733578,149.42058388086477,0
293.4816389219784,307.6698174906588,1458.2633186394917,60.95843501809159,217.42397121290847,1
300.47398671316415,302.026484663666,1470.4910085762094,55.94442391749197,222.7080370724084,1
291.39586634716045,312.5680005328486,1597.581671934471,46.78946987762233,112.25944009249042,1
296.15444455770177,307.33649580169043,1591.8454443942414,31.875976510625797,114.82592205326844,0
310.06292809214443,304.1504158214486,1375.4282623553615,39.50970659161963,19.242295752004342,0
294.2310813047685,295.63868893359177,1505.4934110999848,38.396399189551694,167.69125636075893,0
308.3569211206514,309.86242547474683,1429.0420145250828,43.30851304615578,205.31485509321138,0
288.70293145342384,318.8612579833487,1374.1495089324665,54.51001438131336,61.16376365117826,0
305.2980417791528,318.30629607273937,1478.298294957563,48.79417041137403,105.32522040834117,0
314.415686206579,307.71451871706864,1469.151721154418,29.226239230152416,209.70983419131758,0
275.2835549987271,306.9889396981911,1742.6716486345522,53.764964500195376,219.280116915572,1
292.03104744529526,312.34387128037514,1543.2959825360697,43.131321400131554,60.79499506605649,0
305.7707212718054,305.00807280405854,1362.2382499245764,46.87065795858916,137.64265863534106,0
297.96954613957007,311.50895949909733,1443.5225995829057,54.66540859278603,48.12328765895676,1
303.7114587337131,313.83040139192343,1602.1383295429398,28.88419750486449,25.469691034889134,0
293.9601481328418,316.1346661194215,1708.8442772869926,39.64174421293537,227.78012534798938,0
300.865897874729,309.49922961760024,1341.4016687762041,34.68545448640785,205.12687605802728,0
298.4432276460792,308.9816312491152,1312.0075614860955,24.32140574634544,190.00872545079346,0
311.67782061659807,305.6100870662172,1687.0965175371782,43.467099776049196,12.191579703285104,0
302.54420843301216,305.8655982298007,1538.9614177370904,65.11556551584424,210.93219817756437,1
303.37602662075204,308.8676055404924,1413.1707268123635,21.59922255494247,109.51101897634594,0
295.8812303387753,311.8368275340809,1553.4629086122436,39.6771938895053,85.59878082396492,0
295.12393775927507,314.56792313116625,1236.4252260983121,46.40542935074774,136.61909025634412,0
295.6744181218038,305.9841052465983,1500.337550659716,41.23078201656181,22.838310680888956,0
303.944521423783,317.4634428447976,1532.7821172843085,38.86871947484259,189.1616373380997,0
295.7901551917974,308.6443819947872,1592.427013953783,27.007836365541756,145.60876922207396,0
302.8977485689641,309.89316352825784,1398.6104047707463,42.327867429401635,46.64752421829188,0
320.7540079864544,306.2639416042609,1508.568716140336,32.43236022984074,47.0580499422614,0
308.7112470343169,297.8787986986353,1407.4575373940413,18.100782950214466,46.062162893168555,0
296.7397646783216,314.42022698180523,1525.5383755674318,51.94592220513731,14.250596887983496,0
312.0121392216395,313.68421948546217,1410.4653677636975,49.58385819842042,146.9496123429212,1
295.9192462697845,308.59336221440896,1459.189916083978,40.5166097685108,210.08704439712702,0
279.61875464822145,310.33495358612436,1400.418460520977,42.29074688205703,4.37455349684715,0
289.91913689082594,312.5796960885205,1565.1136241823656,50.74318012715561,12.251161242818387,0
281.2920807897414,302.1872707155673,1585.8451116656665,42.24339656778083,143.19256917173644,1
296.4848651595869,307.3547366132685,1476.5379430042585,49.040175547613146,204.87392134651307,0
300.1841837918955,313.9713233981091,1503.8237994960027,37.0251779912615,81.68472264215839,0
316.76437312275283,303.72855288415377,1355.1408585366455,53.119837385739466,87.40359970193055,1
303.26927373764164,311.46778966083315,1470.0323351993213,43.207857259326836,149.08662437419397,0
297.80899471191134,303.21709097688296,1494.9795382958255,41.94051943605874,68.55322228103675,0
308.2940558118349,312.3321499121676,1762.0793091029975,27.29938911287968,6.652091519421033,0
277.88864690992114,309.8217925885126,1388.8032974225837,42.869558543017085,183.807129525399,1
302.3561455810857,301.92434092047245,1646.4177238752438,31.680450825055487,156.41247823536327,0
307.70865193886965,315.82369677228587,1599.6858773465808,33.617172734715055,145.18899976391478,1
285.21413754220157,306.32704211600975,1528.0636404490137,31.84624371683879,185.4210322479558,0
311.4375404320693,305.9487378149281,1675.8620484195133,29.33765068100775,168.8077093905094,1
303.38496407494415,311.00284598615474,1537.2105472606863,61.24771403016962,51.470497044580284,1
295.847120860992,315.74318674714357,1538.9159195667928,53.31339061988403,88.12026173583779,0
306.32781866106285,304.920890905108,1494.6879346982455,59.20367502144261,31.52753541965625,0
322.70692857804397,310.30839924923987,1622.3568882418626,27.77104980444436,32.46425335447026,0
301.818662550585,312.14408250165286,1609.6469233810883,40.712537499108926,169.0489365891348,0
302.48220586300334,313.46552803631573,1437.4322712503788,27.064923747959043,214.65002674562456,0
295.40639100459754,310.8822077763861,1368.0752805401232,33.04305122802936,240.68314596528475,0
291.5015563053521,308.1648608045834,1479.7019362604342,30.818730165834253,157.0867793873611,0
308.30335816544243,305.8620488967564,1419.9961435602354,52.395840064415616,46.02533084023924,0
291.43916174091135,310.43071941523186,1493.6475425384644,36.0377032189824,26.412586362232677,0
300.71566237219395,304.63930494007195,1623.743813468414,50.68379333694016,203.21274288418945,1
295.2234255323488,295.39324758252695,1454.269834491321,46.04120889588518,144.68911908999982,1
304.78979825746393,312.18279902078837,1495.7176618688425,63.036387521047885,154.57125525342997,0
303.3366210528695,314.519674205431,1505.8022734808396,25.20555776860276,195.36552218867732,0
310.375399442579,298.1853378222908,1584.8430882205284,52.59233239786799,175.8193069331129,1
294.8998360114525,304.95134647645034,1275.3110666015396,51.464408704007276,208.61456321402417,1
297.3012506470663,313.095771305026,1439.3299705234704,30.266211619729653,14.053476364969619,0
290.2123628421769,320.28747734855847,1521.1283692279474,50.0713333647316,186.8801591866262,1
295.55706739923886,310.10396853837705,1620.0078956426862,43.361449630262285,212.71318933052385,0
303.7730049304485,306.3599852938543,1450.8097552493796,37.72523740046592,71.53376061457858,0
307.5698861664535,309.0855177944758,1312.3447293958125,31.760645130280004,160.11181849831323,0
290.77834675822373,316.87438209574094,1561.9711445966136,32.80890548550814,78.54051595924302,0
308.6960592010566,306.77017910437735,1436.4637611174371,60.49812095785926,239.4927666206135,1
313.5563785880495,306.00403996674873,1381.0333340909638,40.006828189574826,8.35589310887594,0
304.134349032237,307.58628238908983,1437.5654610286776,47.82130001531459,144.94821095823875,0
318.76795812558066,305.23335695870645,1481.547464234415,32.09100618332447,41.62588676237877,0
292.2621080089643,310.613351579974,1439.5255335461786,32.201470537783614,178.05505129428965,0
287.55345296688586,318.12339229234783,1279.443394290093,50.81984809249942,43.97257085466552,0
282.2127975109572,311.6153963655801,1589.7066196887133,26.504237884484677,58.84581547458939,0
314.96044311489186,308.73823248936856,1627.4875041278722,35.847862320947286,123.59270276143953,0
306.5436565635406,308.54094365542227,1565.1521991339505,40.34027411072232,228.70873749921952,1
299.44415329089543,302.18404595651674,1386.2314329575183,41.11372601840053,52.92859303699271,0
302.7996862631982,314.4155488857358,1479.8508466052483,38.20906714983844,36.06000527952588,0
288.7451095270162,309.610814014936,1499.3478684770541,43.958197810959234,189.74420796350765,0
324.45751979616824,309.0976004320469,1559.879438956191,46.92855755817811,125.15488308348274,0
301.29221181975225,325.9655378392243,1566.8340488718081,47.3463754545933,227.94627809544286,1
301.09394794604896,311.49376454182845,1426.5826201221505,30.141961913321733,36.65363928996057,0
307.2576662389869,306.24104474952406,1508.199555641356,37.15844902071203,161.48197325575984,0
304.81009231736715,307.86821201897226,1545.7280404615242,51.94762861876938,58.21978653795376,1
302.2388402427913,315.7422285459838,1645.5822322146767,48.94647187573872,39.190107162909825,0
292.09525544554685,310.56635205268884,1570.4506539824724,26.271405485189362,170.85735378931764,0
304.71468357135996,302.8086101084132,1578.9056687375519,43.514799003522015,148.4211549771833,1
318.8202449647503,314.596144672876,1508.3826627929361,20.217747506251897,188.7068645905828,0
313.45420046154976,306.659279572305,1641.0459145203504,40.469349020603694,77.36564411154559,0
315.93186626639397,319.3664888810877,1540.9762795959498,58.97767016745977,111.99291409554749,0
294.88784323568814,315.40024032857326,1413.8912089826429,30.521072827310135,101.36791908260462,0
290.1039517974142,307.76339052170624,1640.336997012519,31.65676954508418,246.02236599162856,1
298.7421307990035,316.40508180867556,1569.7903272539027,47.640297815728594,73.06223918484697,0
300.55724912288696,310.33927755263704,1455.6955978871517,24.57198484790354,73.70430958669172,0
310.9419151847095,314.2638683756111,1452.0507032600756,33.67244970114961,88.63705220715184,0
283.0753537028518,312.4236640864724,1529.657554514076,45.96441137581753,141.14852032258037,0
315.2955031946061,305.76821672504565,1546.3184795267584,33.65714152310597,63.080686065936305,0
298.4199210142101,306.78225083841266,1519.7292265631206,37.640300127890285,228.8224850948185,0
295.7311893005258,315.1498040879058,1531.1308673442884,47.44185710315035,66.42139121656587,1
289.8789562473983,308.3261233394673,1669.9957374576381,44.21546083536561,223.95393289004866,0
283.4514332813423,307.98175768379,1607.1543152234885,42.66818396295402,25.868765911646165,0
308.23170583961917,305.2243871032532,1519.0635591265025,36.60877720729961,164.14067559991307,0
300.73317967188405,312.1179953279673,1594.1310580767483,43.700611152689554,226.74637960956093,1
287.10039100258945,320.3126245962157,1396.747609647246,38.762673199002435,42.18735959955738,0
287.0492122793638,304.6623354287286,1539.792704994681,44.57805609925785,242.08174002481374,1
296.6421530070987,310.1210972833638,1680.930634973311,35.03067974882022,113.22084010387792,0
316.69021525289395,317.06110277707717,1478.1954104607626,38.17431025620459,236.4287771102561,1
297.40408648636395,309.6017930437714,1415.2366071380916,30.10042207447986,169.20501090751176,0
284.96857046881894,312.2618589812487,1434.7911111406938,39.64992389993764,75.39671746838789,0
297.54256935914054,304.6880323592656,1391.036696265761,31.88999136371155,47.0756312292766,0
297.2727643025233,312.14153548603826,1421.5238091872297,28.85953549838007,75.93376155627485,0
273.0311335705843,309.06427867497723,1462.9491901409972,42.586611478553884,23.254352315668747,0
299.45705133482187,314.92864997839933,1359.4432980821357,42.127397758576606,35.96699158583244,0
297.6906546979132,315.93693025782375,1501.5618333949603,47.82873734948573,26.165110086620285,0
306.9620636481342,322.9478182100931,1590.2277173786647,35.68874430424901,105.73588593538943,0
318.48956094945345,312.89816586606787,1409.224381985308,44.08052846836756,198.8945940643966,1
311.2656502954776,311.62898158291085,1651.928392364177,45.50797572273663,35.34588855408505,0
297.3111130944517,310.9719215078867,1551.0792088527594,44.44773807831595,32.58010829308397,0
288.9347409125833,308.23416853594654,1603.0580585624057,31.74346317197858,160.8572373793327,0
325.7335980324986,311.69241921730844,1434.2165446147862,41.49363482271189,49.29574549201657,0
300.59218434014485,308.52299294930486,1585.4525227066615,43.641402960546614,24.4025095272479,0
300.13929291912945,310.84230488134807,1390.8066099604687,40.07178466907942,41.71214455139441,1
299.7587491289,316.5879876780398,1589.0247500836508,19.135223416289154,230.93284896919403,0
301.9808476076785,304.9672871736018,1517.183933979353,41.6048962397348,205.3678131940477,0
298.5563958807606,315.69939280564523,1555.3251219984784,62.12531039397242,88.51614058877352,1
294.2633799311976,316.5855753366993,1382.4405394375149,36.39960731243017,163.9551918318482,1
294.5314105875961,309.4096573650446,1410.4930157723395,32.719229021446786,134.3189184170095,0
299.67246729784,299.390725504957,1559.7228218253385,43.73348559711398,169.281065870641,0
294.56575228866234,306.96089006452786,1405.1651995775799,43.123782104665715,170.66778811568983,0
292.87154217322836,316.48497273280555,1546.3206292099123,51.92735165416414,157.18350376499822,0
301.06430227691897,309.8856596885056,1363.2862193539754,27.421318440911122,66.52534213432715,0
297.45022782579144,305.00348883852547,1584.8174212666668,47.31380252574992,9.751605190704533,0
315.0399298858269,307.4761253938589,1376.747668523149,45.904220612514635,113.8916954975272,1
273.4903019160699,314.20310013252276,1555.2299937679522,38.57853463059454,222.74347117267595,0
310.91506851922463,312.7336678410069,1562.5630933646,43.3868731792169,142.37431462964398,0
312.4608519249763,308.8053395041515,1430.3228181570425,50.29457481598357,208.097760425477,0
279.2660976759185,308.1658779409266,1558.2026567084727,48.72315380028451,247.90608574030705,0
296.5731240591965,308.0412092547809,1526.0442263333557,28.569806879262714,40.904051034569065,0
296.28559134004206,305.38794907750747,1446.115814380726,48.20158186755484,172.94440978549557,1
285.92488305282177,318.0768784473472,1399.1445315923793,39.353113949674814,168.57339342500615,0
292.22183312409123,308.3883976539433,1303.7374308327421,40.72874098015515,244.9888618395696,0
288.8942415453417,316.0857926041275,1534.9650047299695,40.73196991001694,246.4001834882001,1
317.52270443423623,317.60658025961226,1343.5197228637944,38.4975701120174,171.66965293103237,0
309.35678393147464,314.9915544907398,1509.5344199441308,51.91707497107065,60.90369799554857,0
312.7155509499416,307.84189843640974,1473.655178391775,39.16282040150788,199.63895953264975,0
307.21672064043236,312.0186504516831,1567.9142775438195,28.804538716168313,26.757283552759525,0
288.7094822878277,309.87902196804544,1469.7954500510136,36.06470144030271,195.17482604290717,0
294.75479733720226,305.48149069634934,1467.055221365291,41.78694716810475,227.5490310361741,0
304.8937456122792,311.621796408608,1573.1870704288297,52.29214784297051,95.70834869210881,0
287.77872191108054,304.104801044201,1533.5058029084119,46.03094684948834,157.65882374577012,1
307.1299843017239,315.9383969423078,1531.6155957182777,31.49464721252956,107.53568302420658,0
297.5967460184186,307.67691351350805,1546.9267589808526,64.85189916678891,109.44126374703211,0
296.251791924504,311.00579827936417,1346.4427876792895,42.6477531097798,77.59272227703,0
307.1095996820349,311.4164393577307,1575.6788679986983,52.753907379990146,190.53240511258116,1
304.44263311486037,308.7054751314796,1561.2468794013603,38.482855664227706,234.0441410416263,0
296.3903383418092,312.9334690073764,1398.3316871423503,45.33359244705449,235.18771480861528,0
311.5932980336425,307.62548171688735,1475.59195263258,48.39468504518405,43.695321218733454,0
289.18936672400105,314.35648648728625,1496.069271237237,52.18194711754256,218.6859124141415,0
306.15935606944265,303.27010159876625,1486.5503215598267,50.57368305378225,184.35786035678052,0
305.93101257968385,310.6318978977321,1533.3859966568534,48.721970000729776,63.209350172572314,1
296.9045356068601,319.6946449952914,1643.1366781831184,36.849132688058916,16.821153230378638,0
303.2613302224212,304.9983433769721,1608.176672767283,34.28253958043938,66.99931672109449,0
287.488864236147,306.61127514737575,1368.7780806568594,43.326075103241976,228.05205919538142,0
309.24027019206903,312.5695392482946,1562.206999030605,49.33128072341069,158.29466872394306,0
298.1509786355701,310.897908909698,1632.8933319535408,37.77279299223393,180.26366522446796,1
294.7727697948096,311.7531504963678,1538.6808520689203,50.651719657143865,64.28808777727396,0
310.4900922583689,312.4459356507383,1609.0980425185967,54.52616745486179,179.84703889370508,1
292.9565630945724,313.17360734280885,1701.2270445700765,30.836790809265803,7.030376569480939,0
285.9153870363644,315.54849920978114,1602.3709546106982,31.6307929620372,93.83033644325344,0
284.433708264761,312.04909328464254,1524.9308595641728,38.59624941094663,156.6883371355828,0
306.0600995134564,308.7937117269073,1604.5088474084753,43.076126681891964,36.524141385330054,0
287.1957064750372,313.3628685060137,1514.488783309689,34.75432986232949,205.7508936117337,1
317.54794181984363,319.49940967447606,1502.3903043284956,53.52202678867144,58.75782470297966,0
279.18070592116277,309.3368312680871,1464.8585764286267,44.24066861518451,163.07027820461155,0
316.9645636829004,305.1273534766468,1656.3413358832108,40.39447048240739,101.29928564383242,0
302.1101746720262,315.53540334643486,1418.1571334057999,25.640904761314722,149.0108988694118,0
299.03286888129605,309.398094180232,1653.2367724678115,26.841841835724928,26.862638157227032,0
294.5508091319105,299.1366522699298,1549.9864123740372,42.810092502818065,4.228199980401831,0
303.9913611435207,314.2371083857521,1360.069382519806,18.674043738451637,227.39110684507529,0
299.6236529757515,307.32335907023037,1536.764929299142,50.12637409644071,67.4075021917957,1
311.03301882016524,309.5473335884792,1289.9973492348377,38.418461556276796,204.91925069511475,1
301.1422764866204,311.65990165284506,1562.5508016831036,72.43092969594733,249.83757511805004,1
301.5030176146188,310.95249839889533,1588.523148298899,63.079162506161104,52.85781449972779,1
296.36387787786146,313.5472590856952,1440.7644044347946,38.18550930752483,66.2926852958389,0
299.43054376278934,307.8225681471508,1512.3547695955583,38.93662997468685,165.71494690866643,0
303.07801768892057,312.5655289908804,1695.4157433750286,49.9558151400203,241.36215865015532,1
282.89831607343376,308.7022666120804,1449.4253295738063,57.031726099180375,228.95358704768597,1
286.5181457789429,313.6940524044375,1394.1092412943399,23.619709425639833,125.71888001639623,0
307.43264094022715,313.07683742006526,1648.1663402462598,22.136245346453133,198.77757063168116,0
301.7086543812794,305.322806489777,1696.2587190530794,33.779651944456184,33.93646327497527,1
298.1601666364732,315.4299105808752,1500.3695671847847,45.82737583173864,244.35954605100306,1
300.1843393306539,307.3201827744298,1601.1463035408356,44.968735905075974,241.08830850899662,1
303.4758170536167,314.0402889914057,1634.1475915530882,50.6977145498385,40.93223946979274,0
294.6024031969064,311.83643656700673,1425.7515767461616,28.003024716346918,74.85578120077666,0
292.21695274597687,319.1909183839756,1451.469416463213,16.838561370311233,25.038749376691733,0
301.9584525509768,308.88267008814074,1623.0874513154736,48.58014195302145,67.92939972454492,0
290.21627222384967,308.25341601940903,1668.5014278708509,31.718037270347654,203.98894735380165,0
304.0825275571447,309.90290197056135,1556.2880860174355,19.81512135611362,94.57890179131486,0
282.9741639576216,308.4841010858286,1412.0185646497946,41.450637459593814,22.099241786689593,0
310.2915563732564,313.99970950971027,1698.706111169944,47.931756882186775,85.55638119472614,1
304.72597482413045,301.9184469578171,1446.9029102188035,38.77942867878723,245.34583356032002,0
302.56029734313876,304.7315879042682,1466.4862218828548,35.42151613817511,157.42089881480072,0
309.82690983945514,304.660985392104,1534.2337834489622,38.406377678540935,104.04023660153943,0
316.65474444462575,314.7515379598679,1655.4160420714775,36.29417237599217,41.6346283743175,0
310.1437006501813,318.55306686290965,1585.3975976552224,26.51952888059833,246.5441993209237,0
281.59125768668355,309.47775390731266,1541.4865500361911,32.853193230095684,205.2122523157822,0
287.20423033264296,309.15589138404994,1546.3288530118107,45.212799050138145,70.36932561272985,1
293.7518142230432,310.3502608155659,1504.3514668643465,43.216785413765,17.517173930297364,0
300.26091050210835,315.80939151304096,1555.8139514518507,41.6805980596682,14.156389344389508,0
305.17659020469125,305.36323432904715,1247.0439922305698,30.048515181466207,30.094537376383457,0
292.7425618684654,311.19184491367395,1470.3392540930201,38.184968378643326,145.19214590360542,1
301.8676676447708,314.87598814891214,1524.1321934916782,18.22934953557145,232.1908553013731,0
292.44617067646675,312.50547084969924,1384.8985916380493,41.784766638853895,124.18585700149612,0
293.8848219700805,310.9479080829937,1538.632331781156,54.288577078135674,210.7363706140493,1
285.9333890315178,315.0052304628357,1479.5528779013878,25.258678679578942,111.47165496495195,0
290.767667538891,296.4838385350038,1675.547569831549,34.14072326682245,177.14588644195632,1
286.48315394383667,313.3893765976545,1657.3019725214856,43.2910677871013,182.96818432162522,1
290.24126747022666,306.72962158436286,1453.4194430881837,52.528426344274834,43.49092647583466,0
310.5364179660784,300.8468355157177,1484.9162288433304,35.51775383699851,90.30401474395295,0
290.50601111168055,312.5560129976249,1492.6052434391606,33.077496707341034,159.325539134506,0
326.3238206483739,316.8682927258148,1454.8340523840377,20.31076857583917,17.674152046091546,0
304.9331790088089,309.31275742686154,1519.5024984028128,41.03438129308106,90.38504694073914,0
301.84836123694873,314.7643727360147,1424.171793111241,60.42076040143744,133.69986657029813,1
291.4164221981879,318.06139128994323,1386.9384665062473,42.77358461964676,249.05612326115966,1
307.0030987940899,316.57457226792025,1562.271122390027,39.77721020816287,118.63339065561019,0
294.2436217376223,318.19982264685694,1562.9529584221812,43.22082310766986,204.0141892785809,0
301.2200981464536,313.71063745535946,1419.5684240340008,39.88907996051398,108.01682126665443,1
325.60084538268796,310.377168194508,1589.53554307626,31.869856277398704,199.09768065492722,1
299.0394010027535,301.99017094051413,1436.842227083467,48.232799156777055,148.8537004050271,0
311.49273326285675,308.76968755935025,1525.3165238037982,42.25761523111754,221.64886037559958,0
292.9682357487411,305.78376702341905,1582.0344012612456,40.176132519336576,102.73563808752748,0
299.6501150950304,320.8547135874891,1496.6387435296288,30.246339727217503,151.07610495536971,0
317.7080063563551,309.1205709378383,1545.4740912141135,53.03507931934759,157.50467015470684,0
293.73032942212234,310.61602403392243,1448.3570356112427,46.6470274533311,104.34573545011833,1
318.1244855799693,312.75742688020233,1480.3533416571902,34.47079162632698,36.07801092187038,0
307.07751935455474,310.21801223186225,1479.4140569119659,50.01824853681937,23.389851728083887,0
294.3753322410573,318.4752552021538,1425.3421653459761,35.02429161614793,4.167887649908275,0
306.3240773905552,306.8867531913277,1482.322583688422,32.17996507488963,218.38356606130367,1
309.7255444962673,310.97303727618623,1345.1381701136254,32.40296882519713,59.118728059673636,0
306.21809962217196,306.28764707150975,1450.8846252857895,22.289314469119088,52.87668732044201,0
284.29775280109544,303.3998874438965,1471.512450663033,44.71542380418206,184.00885010651638,0
292.7286282417513,306.9411545454736,1474.382024750462,21.6885512166165,80.00402827184794,0
297.52481364448494,309.8148160147579,1475.850255412922,27.715561687342372,126.51117310295915,0
299.2556657089995,307.8534888774137,1493.823580013987,19.244119909214668,40.627766324364075,0
306.20672097550676,306.5378951006307,1547.9441518086064,39.13930307209107,239.9364303654923,1
301.7770100093325,302.9684126816408,1587.4517074132523,38.49679539728128,212.89535000430934,1
286.646556412899,309.5844721368565,1435.0234773151733,36.73303786813636,215.94740574125083,1
303.80197851005966,302.476398129845,1379.6799144610854,29.574223053294237,101.6934371430013,0
306.1058574528382,313.800279818448,1395.7955587756896,28.2776624656336,190.5903034267932,0
305.5979044793104,310.4121987646725,1451.2797078805072,44.64369863546574,35.96903884744504,0
310.8078072555462,302.71224250267534,1464.807868218349,34.494480682915125,2.1547506479450695,0
308.33922154548907,308.45395461475067,1423.0003933802543,43.16358321536145,4.993233144507031,1
304.59180079228435,306.2392179720471,1370.3883335750106,31.147513138757773,146.65043435114012,0
299.29834288541355,311.5958725520959,1454.3879172525812,41.81062742771083,113.8487263119852,0
283.3903906648401,316.70225223011573,1518.142662011397,53.032780373160634,129.50383722712994,1
304.29618219132584,300.62413765177126,1559.5029465835564,45.861658003927836,1.8657851043048512,1
302.0768768716311,310.57513039573706,1444.257694689168,35.875861817835194,105.67165491435642,0
302.71578837195375,309.1993360221668,1458.7002177856566,42.571989703559275,179.5170403002152,0
287.23251424179693,313.3567003822523,1407.330169115269,37.59334825469787,110.67342549185896,0
289.18943459591736,311.06598314118844,1496.8560829625224,40.07880184694728,183.05480157805556,0
310.53152853332904,306.2401533413059,1415.1571365809186,36.743889478514966,58.254741099208694,0
299.60444846143344,308.40473032166693,1557.31278132412,38.356647941146086,203.28550112043138,0
306.81500697372627,306.01987071598256,1321.4133508065888,42.12093353074175,147.1078101133631,1
300.2831837613046,315.380035692993,1464.0370327547537,30.066413004180493,52.690774857476555,0
300.2975613949574,310.1065582433597,1530.1107339191742,29.841211730100216,59.180118963458234,0
309.38283805976,319.50595342876505,1518.3834516322504,26.114574461687887,157.00761614238425,0
294.8395527178263,309.6966959309269,1769.3033663980495,23.9972889549629,207.48489830311084,0
300.96120776940984,306.45796616544766,1534.9800024567908,27.82717307779521,103.9069455072888,0
295.3772471129496,302.43142803693587,1399.594540315799,41.59462506804129,64.57510728189806,0
295.65503772567683,300.9843016187203,1490.4535752910926,31.07212484508116,216.7529017276501,0
296.9082787653136,302.07932028497254,1322.3753666533548,45.13614464231096,167.31707293770873,0
302.22133771633713,311.3356332550574,1491.9400250703238,40.34713748752562,112.02137182076913,0
295.21251378336524,312.54362511614966,1416.6943942999242,20.314957865619462,121.97504881982546,0
312.5575612557352,302.09404648983934,1591.5390275560162,46.549755842216896,51.0641169840991,0
291.05392697780496,314.47519157038056,1445.0459725404464,48.1079864559171,156.70065751621098,0
298.13128355838643,307.5846947415828,1488.3234084204753,30.061373251651467,89.68562763572216,0
295.60268941725826,310.73396505992775,1436.4442158595596,44.20191542894992,248.91129416858732,0
314.4697788435373,318.0611031412771,1673.8851351853332,31.43501762590801,120.04587881547197,1
301.96554776511573,314.48419657932766,1467.8757233882088,40.97670376748336,121.47140154740329,1
310.31844539468636,308.65734676047083,1683.25570434792,27.355015930450342,141.46294685266798,0
285.1443962696303,305.5440388729236,1581.4151762118267,22.068935474654232,229.1890007796867,0
302.6705026586926,299.2409229933535,1548.2066727335387,36.17182810387031,200.20452496493758,0
308.89630795623435,306.4042334037879,1536.873314731752,38.762710537251635,112.78251744946036,0
300.82283989275425,308.9443488058615,1539.3797298216252,36.02320306385396,179.674816493199,0
310.6548037506535,305.0641023642441,1307.232742065439,28.159694417774404,146.5588746951904,0
294.82711549899625,309.3437151645385,1472.1116605849243,36.00100937868863,123.09176217531223,1
314.0934744018558,310.38425941479386,1584.5157971184321,42.69294752580734,48.07894319608763,0
322.9889812361925,308.8757200909596,1495.1102816525895,39.55106969877463,115.98406586372273,0
296.3716143956034,306.7499870958827,1359.4810153196424,41.82501030599214,61.45464675564366,1
295.5449747859923,310.84327335983363,1494.759554942253,33.29884799545767,228.71053746291366,1
314.53384477117703,312.2097032478471,1670.410551625549,51.717179147161595,83.85170337408674,0
315.79572145730714,304.54800461278575,1624.6891715534719,28.238266634452195,238.06600363334306,0
294.7713997284673,317.05466189873135,1493.7995990633967,44.875602970867185,133.2638225236778,0
295.79813182904144,309.5070593385787,1595.1449277058086,51.81891092959962,157.8860946690401,1
297.18215391139495,310.0942481147242,1463.3492979631949,44.80908092748896,135.73511112233194,0
286.5554948896572,313.5410721162828,1329.612841317328,37.9747577293517,32.345154241675225,0
290.813480535158,311.1660806563175,1407.5534011870445,34.71702953337021,93.95530475198524,0
289.9585923324793,314.7656831695662,1656.2888768508199,50.36087651046256,24.786528069405982,0
292.32202434895873,311.43562082600914,1472.6006918170697,25.77025074738327,155.73851104584543,0
299.6531511261322,306.93781312679783,1475.661602062498,30.298757396203563,111.71854880010973,0
302.3421473253652,311.8075176260305,1470.016180372512,36.02442234508278,194.49624289273422,1
315.50500492814075,304.2813689633967,1690.4136589573006,52.37653757511998,55.11762024984246,1
290.0164595926121,310.5427985288826,1662.5958915362064,43.79767636040896,41.14151460733373,0
309.8432239847658,309.8338500467777,1721.8780233448133,30.319542414897548,101.58305774094195,0
297.8601115577449,308.9594157136373,1484.0954789599948,36.896922946150966,231.64634580459528,1
299.50536290347566,309.3573124428053,1529.5624488747096,33.85676855903706,177.60545375310295,0
306.748194921666,300.5907547725118,1348.3357450579208,32.90211007766465,104.73090619822966,0
288.772779784377,307.2563754612952,1647.6934426118273,49.78889558556779,129.31804243857763,0
303.8240974618405,310.4642245057056,1383.2220448732064,26.282568707364945,21.053252794274584,0
301.6645220821306,310.799281959987,1521.6775563762628,56.087808557343735,246.14397409402827,1
304.9245126400815,304.86162429537023,1390.2697472367156,48.28229690184623,166.60182617372973,1
302.89168643907817,316.3285392043235,1441.1133173261303,50.90861670603698,71.35101711585563,0
324.55300139910895,305.6691257589275,1416.27375689503,35.37060487974742,146.45209855381108,0
293.62260015748683,314.84728600263367,1439.212473932418,38.500592809208904,27.370591517248492,1
294.6900304499818,312.1359718093584,1446.0877296851022,25.66848185475288,241.4591672018959,0
293.76859473575234,306.768863450781,1445.1731205074923,34.753375929331966,43.696246970841486,0
294.4452288083975,318.87655446304757,1583.3333911780308,44.93654847643151,162.00757951380353,0
293.62612872693484,304.0318158412176,1389.513720693748,52.96063061781396,61.36361563473261,0
311.8901653110755,314.59577086805,1522.0541427013866,28.928431831975484,179.39034566213394,0
314.20504247989857,315.00291159021486,1621.795915230556,36.34494063014734,194.20534181007025,0
294.29253706250523,306.6468989546168,1448.6803635486604,38.48700779767478,168.35493222785817,0
291.6764442689577,316.96232650032164,1428.20811092524,26.042107978075148,153.62486506379813,0
304.71415556386404,308.7497674270052,1476.947537481975,45.913492417584,223.11727348800292,1
294.4777695571903,311.4434681463993,1617.972520836071,32.76009668257391,19.65667774743951,0
306.3293181775551,311.3016091938561,1519.4107630953358,38.04609648822976,82.7286914450488,0
302.029230208513,309.3284562926473,1446.8785705392402,35.48050628088122,62.07186990771149,0
284.8425588500277,314.0540413657989,1548.387665118804,32.106614942803255,247.00349051635538,0
315.4750520133006,313.9674436027611,1389.7707850163576,39.929550145194455,97.34744491671837,1
317.9587767309552,301.2573401338091,1568.1359510442949,37.84390421431978,183.15317481009967,0
293.8721130951561,316.52170121439076,1540.8607307701768,36.281421177213346,171.18129097025115,0
296.1229844006402,301.68754005982163,1469.2191528861115,32.71538378319657,53.02030936934443,0
302.85865390724905,315.1627310217083,1416.1414201552768,43.195246707829554,59.74942005288783,0
303.34456789987024,315.6335256841379,1411.3319077716542,56.536172684922846,70.32114088825853,0
306.58544272672833,304.545167848924,1553.481733634591,41.39887232839127,102.78181956484481,1
320.1020453876635,307.94592856022706,1622.8980502489062,49.96118214911129,58.5812664126317,1
298.2305277250595,304.4714766575703,1436.2692252971206,26.097780748465375,4.912870686711951,0
292.0170275546155,308.9253948485563,1545.8386703551485,41.5776143929377,219.84826420179888,0
286.20680771985474,308.4598285790713,1291.2972981397932,29.026316810289334,241.40245784522102,0
292.6906996005808,313.8983026613467,1441.5382269342801,25.230750724680988,85.39259675789198,0
299.668730271262,316.55154373059804,1496.89410671291,32.60628592540964,84.62671985636821,0
317.94557863517787,316.9784190539498,1409.0316583018166,51.91899334413573,1.7729531935927467,0
294.82388700963827,307.1891598671085,1406.3493625210403,49.500158286696454,170.0626720825935,1
302.237879516389,308.9538906312774,1433.2220443531114,42.430047220544,206.35997393715718,0
299.83577103927246,301.5828090388952,1529.2192728326372,24.67299440110069,36.65207509000079,0
311.8839327344808,305.97064966751907,1481.2670981593626,38.03719348612063,39.91658734178768,0
325.2693242587362,314.82425816548727,1276.1768766675027,43.01700008901736,197.52081249285945,0
294.6913122707968,318.07791411774116,1287.9299847364935,41.75536229578598,154.07268708853616,0
295.1056055748178,303.8282556406004,1439.3134822142824,21.56206416519254,11.215139406929254,0
310.4416087706907,307.03767870423553,1545.7686586053553,31.09682151980128,155.6367476155704,0
306.8189148962631,309.8679712152054,1225.2495157274766,39.35922235851283,77.22943071094151,0
318.4670732573603,311.40080579409806,1450.0269823848369,45.3629090951719,92.18128886771149,0
305.83928185325965,305.9519824003918,1447.375214348258,18.038721789000537,192.43285457422004,0
296.4070790921294,312.12030522232044,1638.8337778208447,38.37876024520141,202.73379816815265,1
305.90654830692307,307.6308032646454,1461.4978188287137,41.43048769878952,100.08915670995766,0
311.0870358058291,309.9277386456086,1538.2988984740928,48.49611988516213,236.78823400158868,1
308.20482181197366,312.7314212400185,1514.1257140087464,46.928575842374364,101.61567948801806,1
305.072740311073,310.0321113490547,1286.94335201928,45.82571318808805,192.95900880752748,0
310.66674689589155,307.81807054736714,1576.8207216631738,32.00059493298066,120.96931614106477,0
311.6929559044567,309.45195098037084,1521.5396505456288,20.919978628766923,224.38308163052102,0
313.8215899103753,309.5581852039733,1550.8268639674588,36.06947242938599,226.94031091254465,1
306.48709887589644,308.14994485058935,1892.6237706436327,50.0163182520856,21.854201967770965,0
298.32881919683143,308.7060196866645,1291.5887060501411,53.93454527524432,234.12333282755642,0
301.4671368643332,317.9932358525236,1672.4696649761108,47.10549102297785,206.3837103801039,1
312.0650896650836,312.8045972397062,1471.2552480599645,44.29340822801734,197.8276785781667,0
291.8306432901276,308.5225984098542,1528.732890440301,43.79639648385965,50.22783492138061,0
303.686733088729,313.48477202255367,1495.4487754698757,34.43881253239219,201.27980218866622,0
296.06661187672637,308.33090255121994,1457.5763666601956,38.6993970644638,212.5331836712592,0
300.2874482293482,315.8656231879332,1443.016707176124,56.69069525826331,72.28758361353773,0
312.784518626073,311.84821096099046,1532.9508735573008,30.574419942081235,238.06501959058093,0
301.910990680199,309.46348927997883,1348.282630332832,56.14778790709852,12.465036599791063,1
300.4643654815615,312.2385846290514,1575.0579167521767,36.77971845507942,37.47731331178492,0
286.4014385902008,302.1456192396575,1458.3805595114745,53.25432109095078,134.3952845128786,1
307.4625356602722,304.366162655451,1386.9930660959642,25.931849905024617,143.94811778057743,0
306.45484181141074,304.0303749680047,1454.9987142004186,45.859042011646494,161.28752082522584,0
321.6325472330546,310.71471547381856,1625.7149216862572,32.63229864052378,4.242282328866614,0
296.92221765047,318.66257499742545,1446.4664912983776,25.847328080758125,240.09169365553257,1
302.19150327663937,321.15650073096316,1535.8453618209621,42.185340424109455,11.147023183535998,0
302.49383683710755,313.1902555072038,1426.9043724284527,50.09471788595969,35.765488180850596,1
315.7745327976347,312.5042223747223,1575.7921849923619,31.550585614065035,3.503629381514245,0
299.0470446761305,300.9947113292363,1568.5507738790204,25.00984039541599,141.71460832352366,0
302.7902152577034,307.2866310013299,1684.8608833296412,39.08155235665045,233.06672098024305,0
306.0789650971654,306.0610812404588,1482.4436054500784,39.12564671222819,166.48679152011604,0
301.8660912315636,306.89576200874444,1566.8654804757907,45.483196275544984,205.66436712010682,0
295.5356638544947,309.15928090707604,1509.8067539538945,49.495945713644886,3.3203008646450205,1
301.9408999289831,307.6395471115144,1629.5871781863013,39.40584818727506,135.50382461993152,0
310.7363174985977,300.10350094812105,1428.1167612391268,58.55503314794263,114.89074437638047,1
289.7348470058894,313.73955128058765,1574.500531287728,42.24234744535292,124.74198605519827,0
301.32969674146875,304.636284871301,1480.530270388332,36.535734939931004,18.053296333796986,0
292.99879185060826,311.19623432055573,1493.5811822891503,23.88432640897172,171.10884026732685,0
311.9504662892484,320.3704133487499,1509.1752484448373,37.37340479683832,125.80510371465861,0
284.76813095216227,305.4030770420679,1525.2240396426678,36.63613054588864,191.287212465316,1
294.41078152728414,297.3485623862683,1488.3770956878043,49.6030479628147,121.32265851542884,0
303.77211875064523,308.56997889059943,1521.4713183170527,44.62483624066854,37.34540905660802,0
315.6552402923434,315.50479817499286,1657.8118057562185,28.206308783673826,162.0642385194555,0
299.34249738927014,319.791737271103,1598.5449685615217,41.72254386411038,43.09659052629156,0
294.448004733068,303.8522520277379,1586.9154592496895,46.71531171729053,218.09864083870372,0
318.8115706944059,312.4834961161826,1454.446047397613,55.280313593878326,153.27905976731037,0
285.5198609958376,307.67344771609976,1411.0759171771676,48.875039674140595,39.30097088923856,0
278.01194043379917,309.47025822847934,1595.5300558237752,47.60846654311478,240.58451437030172,1
304.4001445005333,323.2217167350852,1587.6046792529794,40.60085994615164,129.59136583383017,0
294.9794577564739,302.4851483580242,1647.2670675750983,43.883120054234496,18.22461296791375,0
289.78767182869285,311.26869830747285,1439.601937403077,52.49504900706159,156.7082261037668,0
307.08356447299354,312.3384658588272,1477.0451344639653,26.672226025203503,63.299726753202556,0
302.43800713771196,315.42893162469676,1336.0515837474566,36.50560672783044,200.9233629693256,0
294.3592136926327,310.4899157673545,1460.7528893939127,32.27431251243759,204.45551839154766,0
287.19695601329107,311.5402526975205,1599.6570510579447,43.79153118726124,244.73683896366546,1
308.72457328280143,308.04175716289103,1453.3504620771803,52.302221756507876,125.46738275612593,0
306.5020117795866,311.34563470622555,1564.0479795200824,34.03025713278926,113.73921993193429,0
299.00824136220615,308.2840386225129,1480.9496894002189,16.09695632530562,188.36890136162015,0
318.46636996047664,313.1078594492802,1532.4057028221562,35.8777925497553,33.11766408548164,0
289.2991523367385,308.1519483197818,1385.2308610184332,49.13473732017407,136.72887844828105,0
284.7447482907526,311.8855019695109,1508.52094496339,45.376299029498796,136.56190003271274,0
293.0809193011876,309.8536859315751,1200.8864029099277,44.281862478105765,22.368280702596806,0
299.544139836445,315.6302512538608,1481.3103841838015,37.200066981255205,104.4960213767284,0
302.4333944932269,309.74303138205755,1336.952675628486,27.209692637802135,213.3211996418005,0
297.5876394214367,301.1348376589656,1620.5994516546816,45.15294321624467,214.03840549866507,0
303.520553965143,316.30960750356996,1577.7407352764512,31.65718189965375,24.80941622992025,0
287.48460575809554,305.4713384956869,1546.667098196608,61.840967333804564,22.680220686957714,0
314.4376460407326,306.7311683067559,1652.100622715938,45.70507208354516,65.67386925048382,0
299.1784882160743,307.02169352978257,1405.1083479175163,34.19351697446049,218.69151563849837,0
311.17295831588126,316.8721904658541,1674.7363197915558,33.88614752611372,32.22564626837474,1
303.42725346377705,299.3216289301065,1593.2191564260386,39.070557933864116,179.99920065686157,0
304.56753219153785,325.6887426683,1476.3444712781054,37.6049807797825,25.291404903275804,0
305.697672802322,315.28028404533023,1613.5620147182944,51.16833775529955,155.78446343695634,0
304.47708560017315,311.1161945706458,1389.3706487588365,41.864161697440466,89.0168247797862,0
306.4272275986754,309.72552999691857,1417.5485838472327,32.683682610914715,197.22849074146674,0
313.2915253013243,311.4277703742883,1439.14102767603,58.90440685155782,58.4226122063409,1
301.9652116970147,312.6056121418967,1447.1022291935985,40.49308331520223,159.80045734748995,0
307.0900375758851,313.22607792975026,1394.3442357239746,47.68839675968897,58.920633643971236,1
299.10264305712775,312.7780223300172,1622.3083067095324,33.91773492555241,178.41507077803846,0
314.4011721544947,310.4479034062762,1474.1145599630167,43.631156277445236,218.4195086401872,0
293.2360769794073,309.0133078984634,1535.250496835688,43.11109991143195,31.70044978169001,0
318.0094043291082,309.24363358173247,1442.9648633586319,21.103507079038472,216.64892214887587,0
299.59842049355655,309.0254585982366,1317.9396699451484,60.1527511046064,148.39381360357447,0
285.6922489788195,315.66885048433534,1527.0057358391423,52.906444609225474,31.777622716755992,0
301.2810441491079,312.9677836114043,1308.7745024580222,36.02804683854012,106.88546383992801,0
293.1894834252512,295.2980568266786,1493.136595391453,28.977302595441444,40.21507337127447,0
308.40643548988726,313.2795038826488,1363.1684961167189,43.47561613803552,175.08697221664238,1
293.47376020697607,310.9736809735939,1698.7275999230808,40.86697699414397,189.7170336044874,0
295.5381656678522,309.90645621777054,1591.1362722174722,43.55668948563229,26.44913006819974,0
281.1045926905447,308.05740773455557,1510.5753791271482,41.91577396194089,126.53496317366108,0
295.4769368075092,315.62056359993005,1626.3706677654668,45.06240989305926,203.6562640064793,0
275.7612067337104,314.7376323106143,1415.3684022534264,54.473056993918064,234.04076038774912,1
284.1609717651428,306.135611660882,1554.3479378670093,45.681032051286465,128.3794666854425,1
307.604146561443,312.03526143562266,1519.9810433718712,29.503445010900588,237.56980590285175,0
307.8580015865083,305.1417163272936,1526.402008133367,53.62562852712452,133.92224261400744,0
304.25457561784964,303.10190917605536,1627.2353500106767,56.406145634882876,98.54762364997698,1
290.33023856870784,306.86641387705015,1573.2492102779802,71.52056734512085,212.05078213822387,1
299.5228864385802,314.3119673619138,1528.8723662825023,28.76505966760402,123.24567761452226,0
299.9639746090943,314.76562522688045,1334.5112563771704,42.42882013150275,117.97562764113076,0
288.4163531080746,312.5654271004865,1403.9953704720535,19.17901296811013,122.57812235245707,0
315.0339830176715,313.62547893424,1487.7291066404275,45.53149156379209,211.69625046743633,1
308.7736229057567,312.5808914355748,1509.337237427665,34.517997018332274,207.98538542201302,1
297.7903582617034,306.7925920238852,1386.9796275326075,59.23445794824953,100.8799981100528,0
300.2688583899453,312.1596127233697,1741.1676675578422,32.25385029981418,83.32496496763126,0
302.08382807947555,314.0020476261384,1651.6394055253572,23.108169620327384,122.98200600978232,0
279.5826513157571,313.7714566490679,1560.2118320392483,35.2873625929748,143.19312743427724,0
297.52822617479404,315.9445668573732,1507.2036861283746,20.245122287828625,59.58430265699924,0
293.180157520022,313.54151923600534,1478.779103009885,47.5109945450731,198.48877117889765,1
289.9837999010508,311.7572410377079,1404.8081539977763,19.349169537436794,121.62069143310572,0
297.1889970711405,315.35075119158216,1507.7480518518862,40.28457581183159,83.5113871049899,0
317.9768652684952,309.8673937037547,1525.775254014275,19.22188180143803,26.705248240997655,0
306.4084286126701,305.59062674386143,1375.8239424518376,36.79702195463358,59.711290100901735,0
294.28821010217206,309.1846651802812,1533.4176417244898,56.43378155804534,237.32029293899592,1
305.7258278135616,306.27548677596775,1484.4740951175252,43.60647891435795,76.27492170488165,0
